220831-110649,5.5099
220831-110733,5.51
220831-110817,5.51
220831-110855,5.51
220831-111029,5.51
220831-111252,5.51
220831-111313,5.51
220831-112607,5.51
220831-114635,5.51
220831-114657,5.51
220831-114726,5.51
220831-114800,5.51
220831-124700,5.51
220831-124952,5.51
220831-125000,5.51
220831-125016,5.51
220831-125042,5.51
220831-144123,5.5
220831-154700,5.5
220831-164124,5.48
220831-184123,5.46
220901-095811,5.44
220901-100014,5.44
220901-102552,5.44
220901-103322,5.44
220901-103426,5.44
220901-103730,5.45
220901-122726,5.45
220901-124523,5.45
220901-160912,5.46
220902-030222,5.43
220902-033212,5.44
220902-094045,5.45
220902-124048,5.46
220902-142627,5.44
220902-142650,5.44
220902-142735,5.44
220902-142745,5.44
220902-171047,5.43
220902-172329,5.43
220902-210222,5.46
220902-222708,5.48
220910-223325,5.4
220910-224123,5.4
220911-003320,5.4
220911-004124,5.4
220911-150942,5.39
220911-151526,5.39
220911-163320,5.41
220911-164124,5.41
220911-171529,5.41
220911-183325,5.41
220911-184132,5.41
220911-191536,5.4
220911-220123,5.4
220911-223320,5.4
220911-224123,5.4
220912-094126,5.41
220912-124132,5.4
220916-124337,5.39
220916-124936,5.39
220916-153845,5.39
220916-154440,5.39
220916-163320,5.39
220916-164123,5.39
220916-164928,5.39
220916-171525,5.39
220916-174440,5.38
220916-175514,5.38
220916-183323,5.37
220916-184124,5.37
220916-184937,5.37
220916-191541,5.37
220916-194445,5.38
220921-103535,5.44
220921-103611,5.44
220921-103720,5.44
220921-103734,5.44
220921-103805,5.44
220921-103827,5.44
220921-103849,5.44
220921-104453,5.44
220921-104959,5.44
220921-124148,5.43
220921-134601,5.43
220921-144032,5.44
220921-144124,5.44
220921-154044,5.44
220921-184046,5.48
220921-214046,5.46
220922-004048,5.5
220922-034048,5.42
220922-064049,5.46
220922-094048,5.48
220922-132653,5.47
220922-144123,5.47
220922-164124,5.45
220922-184125,5.48
220923-120654,5.41
220923-124124,5.45
220923-125621,5.45
220923-155620,5.4
220923-185620,5.4
220923-215620,5.44
220924-005620,5.42
220924-093050,5.41
220925-163344,5.43
220925-205657,5.43
220925-221519,5.43
220925-222404,5.43
220925-224130,5.43
220926-011524,5.4
220926-041524,5.2
220926-102404,5.21
220926-104124,5.27
220926-121309,5.28
220926-121610,5.28
220926-121747,5.28
220926-122403,5.28
220926-144750,5.33
220926-145335,5.33
220926-151750,5.36
220926-162405,5.33
220926-164127,5.32
220926-165336,5.32
220926-182403,5.28
220926-202403,5.28
220926-204147,5.28
220927-095734,5.31
220927-111337,5.35
220927-141340,5.34
220927-194501,5.34
220927-195039,5.34
220927-201340,5.34
220927-202402,5.34
220927-204123,5.34
220927-212434,5.36
220927-215039,5.39
220927-231340,5.35
220928-021340,5.35
220928-051340,5.34
220928-081340,5.35
220927-171340,5.34
220928-111340,5.38
220928-115041,5.39
220928-122403,5.39
220928-141340,5.32
220928-171340,5.38
220928-172256,5.38
220928-175052,5.38
220928-182408,5.39
220928-184127,5.38
220928-185340,5.38
220928-192303,5.39
220928-195043,5.38
220928-202412,5.37
220928-204130,5.38
220928-205337,5.38
220928-212303,5.38
220929-084832,5.38
220929-114846,5.45
220929-132304,5.43
220929-162309,5.42
220929-185317,5.39
220929-205319,5.49
220930-072700,5.5
220930-072821,5.5
220930-091315,5.51
220930-103706,5.52
220930-133709,5.49
220930-172806,5.51
221001-153838,5.47
221001-165319,5.47
221001-173841,5.53
221001-220040,5.47
221001-220258,5.47
221002-120848,5.53
221002-122907,5.53
221002-123535,5.53
221002-143732,5.47
221002-185315,5.47
221002-185405,5.47
221002-193841,5.47
221002-205316,5.47
221002-205359,5.47
221002-213838,5.47
221002-225315,5.47
221002-225358,5.47
221002-233837,5.53
221003-095849,5.54
221003-125853,5.52
221003-135042,5.54
221003-135136,5.54
221003-230313,5.56
221004-092339,5.54
221004-094037,5.56
221004-094454,5.56
221004-100031,5.56
221004-130034,5.53
221004-155023,5.55
221004-160034,5.55
221004-165320,5.51
221004-173842,5.51
221004-175010,5.51
221004-200229,5.53
221004-215433,5.46
221005-100053,5.52
221005-130057,5.53
221005-144123,5.49
221005-160057,5.49
221005-164124,5.52
221006-093628,5.52
221006-123634,5.53
221006-153633,5.56
221006-171723,5.56
221006-223709,5.57
221006-235813,5.57
221007-005926,5.61
221007-010856,5.61
221007-012256,5.61
221007-021710,5.57
221007-100010,5.57
221007-130014,5.57
221007-170000,5.53
221007-182512,5.52
221007-182929,5.52
221007-184124,5.57
221007-202930,5.52
221007-204126,5.53
221007-212516,5.53
221008-002516,5.53
221008-032517,5.55
221008-062515,5.54
221008-092516,5.53
221008-122516,5.53
221008-152515,5.56
221008-182515,5.53
221010-124028,5.55
221010-154027,5.56
221011-093219,5.54
221011-093754,5.54
221011-123757,5.54
221011-153757,5.55
221011-205945,5.5
221011-235948,5.48
221012-094703,5.48
221012-115335,5.52
221012-133421,5.53
221012-163424,5.52
221012-193424,5.54
221012-223424,5.54
221013-083404,5.53
221013-121522,5.56
221013-135415,5.56
221013-145620,5.59
221013-164544,5.58
221013-171441,5.58
221013-181734,5.58
221013-183021,5.58
221013-213802,5.52
221014-094817,5.56
221014-120926,5.58
221014-125934,5.59
221014-155947,5.56
221014-173138,5.53
221015-214756,5.53
221016-105223,5.52
221016-135227,5.55
221016-165227,5.52
221016-183017,5.53
221016-185754,5.53
221017-081543,5.59
221017-111548,5.57
221017-115451,5.63
221017-145454,5.59
221017-172442,5.58
221017-183159,5.56
221017-200223,5.54
221017-230229,5.54
221018-020228,5.57
221018-050228,5.54
221018-080228,5.53
221018-110228,5.54
221018-140228,5.52
221018-162235,5.5
221018-192241,5.5
221018-200223,5.49
221018-230429,5.5
221019-085723,5.48
221019-115730,5.51
221019-145730,5.51
221019-224257,5.51
221020-085855,5.51
221020-115900,5.48
221020-145900,5.47
221020-175900,5.45
221020-223048,5.47
221020-235212,5.48
221021-082729,5.53
221021-082928,5.53
221021-100638,5.44
221021-104241,5.46
221021-125036,5.46
221021-140209,5.45
221021-140659,5.45
221021-180254,5.38
221021-205700,5.37
221022-191229,5.37
221022-202825,5.37
221023-101058,5.37
221024-084523,5.5
221024-092036,5.5
221024-093249,5.5
221024-123254,5.5
221024-153254,5.47
221024-172400,5.47
221024-193836,5.48
221024-194420,5.48
221025-083601,5.48
221025-113606,5.48
221025-143606,5.48
221026-084934,5.48
221026-135647,5.5
221027-083035,5.45
221027-090657,5.48
221027-120702,5.47
221028-145714,5.5
221028-175714,5.48
221028-212004,5.47
221029-002053,5.47
221030-140255,5.5
221030-170255,5.47
221030-193002,5.47
221031-081639,5.51
221031-111644,5.46
221031-135324,5.5
221031-173307,5.48
221031-235450,5.47
221101-001740,5.47
221102-100652,5.47
221102-101114,5.47
221102-103138,5.45
221102-103821,5.45
221102-103947,5.45
221102-103954,5.45
221102-104013,5.45
221102-104346,5.48
221102-111724,5.49
221102-141730,5.46
221103-104629,5.43
221103-134634,5.5
221103-164634,5.36
221104-003952,5.44
221104-004249,5.44
221104-085650,5.38
221104-085938,5.38
221104-101708,5.38
221104-120226,5.36
221104-120730,5.36
221104-150733,5.34
221104-154247,5.35
221104-155655,5.34
221105-014624,5.41
221105-044643,5.31
221105-175333,5.31
221105-175654,5.31
221105-195812,5.31
221105-200515,5.31
221105-235037,5.31
221106-214355,5.35
221107-072942,5.31
221107-073229,5.31
221107-101415,5.36
221107-101644,5.36
221107-102017,5.36
221107-102222,5.36
221107-111724,5.4
221107-111949,5.4
221107-141953,5.32
221107-171953,5.36
221108-083951,5.38
221108-102910,5.38
221108-103446,5.38
221108-103908,5.38
221108-133911,5.37
221109-085811,5.39
221109-093732,5.39
221109-123745,5.36
221109-153406,5.34
221109-154746,5.34
221110-091237,5.38
221110-101259,5.38
221110-131306,5.39
221110-161306,5.38
221110-163052,5.4
221110-173359,5.39
221114-104702,5.57
221114-105719,5.37
221114-115446,5.37
221114-120015,5.37
221114-122509,5.37
221114-122759,5.37
221114-152805,5.35
221114-182803,5.36
221114-212803,5.36
221115-090054,5.35
221115-094843,5.35
221115-154847,5.39
221116-090036,5.37
221116-120040,5.37
221116-135251,5.35
221116-140553,5.35
221116-153002,5.36
221116-162901,5.34
221116-164540,5.36
221116-172941,5.37
221116-223250,5.36
221117-085812,5.38
221117-110419,5.38
221117-110711,5.38
221117-140714,5.35
221117-141731,5.35
221117-163122,5.38
221117-163433,5.38
221117-173925,5.38
221117-175222,5.38
221117-183018,5.38
221117-190250,5.38
221117-212056,5.39
221118-090105,5.4
221118-094812,5.4
221118-100806,5.41
221118-111158,5.39
221118-120803,5.4
221118-123042,5.4
221118-153046,5.42
221119-104954,5.4
221120-105858,5.4
221120-225617,5.42
221121-115933,5.43
221121-120050,5.43
221121-120134,5.43
221121-120208,5.43
221121-145933,5.42
221122-085801,5.43
221122-115810,5.44
221122-155501,5.44
221124-002855,5.45
221124-114723,5.47
221124-121829,5.47
221125-092850,5.45
221125-095501,5.45
221125-101556,5.45
221125-102139,5.45
221125-102510,5.45
221125-222529,5.44
221126-111818,5.45
221126-112745,5.45
221127-084435,5.45
221128-083410,5.44
221128-143415,5.41
221128-213818,5.41
221128-214339,5.41
221129-101321,5.43
221129-101813,5.43
221129-131816,5.39
221129-161816,5.42
221129-173752,5.42
221130-104929,5.42
221130-133149,5.41
221130-142354,5.41
221130-142704,5.41
221130-144459,5.43
221130-201518,5.4
221201-085832,5.44
221201-095021,5.44
221201-114101,5.48
221201-144229,5.47
221201-160335,5.48
221203-012453,5.45
221203-020040,5.46
221203-020500,5.46
221203-022430,5.46
221203-023638,5.47
221203-040823,5.47
221203-120050,5.47
221203-134007,5.46
221203-164010,5.45
221203-194010,5.44
221203-224010,5.45
221204-014010,5.44
221204-112733,5.46
221204-174730,5.45
221204-175643,5.45
221204-182041,5.45
221204-182103,5.45
221204-182153,5.45
221204-182518,5.45
221204-182556,5.45
221204-182612,5.45
221204-182626,5.45
221204-182636,5.45
221204-182716,5.45
221204-182800,5.45
221204-182829,5.45
221204-182838,5.45
221204-182850,5.45
221204-182855,5.45
221204-182922,5.45
221204-190204,5.45
221205-003104,5.44
221205-085743,5.44
221205-115747,5.44
221205-145747,5.48
221205-174721,5.45
221205-232114,5.47
221206-010050,5.47
221206-094024,5.47
221206-113703,5.5
221206-143706,5.48
221206-160845,5.44
221206-182506,5.46
221206-212509,5.44
221207-002509,5.43
221207-090013,5.48
221207-120017,5.47
221207-140543,5.44
221207-140655,5.44
221207-144944,5.41
221207-173505,5.45
221208-032840,5.45
221208-100445,5.43
221208-112956,5.44
221208-142958,5.42
221208-173000,5.41
221208-175652,5.41
221208-205652,5.4
221208-235656,5.43
221209-025656,5.39
221209-055652,5.47
221209-085652,5.44
221209-100208,5.43
221209-130212,5.44
221209-160210,5.46
221209-180603,5.49
221210-124008,5.45
221210-130422,5.45
221210-141132,5.46
221210-141358,5.46
221213-235658,5.46
221213-235755,5.46
221213-235836,5.46
221214-010631,5.45
221214-024005,5.42
221214-100214,5.45
221214-123114,5.44
221214-130051,5.44
221214-131052,5.44
221214-154537,5.44
221215-122251,5.45
221215-163543,5.39
221215-214931,5.37
221215-233451,5.4
221215-234135,5.4
221216-123127,5.38
221216-123652,5.38
221218-143159,5.37
221218-172718,5.37
221218-190301,5.39
221218-191008,5.39
221218-221015,5.39
221219-080054,5.44
221219-083713,5.36
221219-084803,5.36
221219-114809,5.38
221219-142428,5.38
221219-212823,5.37
221219-223742,5.37
221219-231906,5.37
221220-000803,5.38
221222-224635,5.27
221222-230627,5.28
221223-232251,5.25
221227-182011,5.3
221227-192259,5.3
221227-202011,5.3
221227-212251,5.29
221229-131620,5.31
221229-132250,5.31
221229-142012,5.3
221229-144123,5.29
221229-151621,5.29
221229-152249,5.29
230102-121235,5.27
230102-122012,5.27
230102-124124,5.27
230102-130408,5.27
230102-131619,5.27
230102-132250,5.27
230102-142011,5.28
230102-144123,5.29
230108-202000,5.23
230108-202008,5.23
230108-204315,5.23
230108-221408,5.23
230108-233031,5.33
230108-234025,5.33
230109-091103,5.34
230109-120225,5.21
230109-121551,5.21
230109-151556,5.31
230109-165835,5.34
230109-175749,5.33
230109-201150,5.32
230109-202534,5.32
230109-232537,5.33
230110-083617,5.33
230110-095137,5.32
230110-120729,5.32
230110-125904,5.32
230110-212901,5.31
230111-002905,5.3
230111-093215,5.3
230111-122658,5.28
230111-130303,5.28
230111-151149,5.24
230111-181154,5.32
230111-191200,5.29
230111-214722,5.29
230112-004733,5.29
230112-034733,5.29
230112-064733,5.29
230112-094733,5.29
230112-111648,5.3
230112-113426,5.28
230112-120111,5.28
230112-141034,5.3
230112-171039,5.29
230112-174956,5.29
230112-193930,5.29
230112-223934,5.28
230112-224422,5.28
230113-004853,5.28
230113-105105,5.29
230113-124337,5.29
230113-124659,5.29
230113-124914,5.29
230113-125525,5.29
230113-125751,5.29
230113-130401,5.29
230113-155530,5.29
230113-163949,5.29
230113-225251,5.3
230115-230128,5.29
230115-232037,5.29
230115-234031,5.28
230116-091534,5.3
230116-121538,5.29
230116-151538,5.28
230116-181538,5.29
230116-205803,5.28
230117-100123,5.29
230117-120121,5.31
230117-142243,5.31
230117-154635,5.3
230117-160429,5.31
230118-102613,5.35
230118-132618,5.37
230118-133124,5.37
230118-133204,5.37
230118-133335,5.37
230118-162617,5.37
230118-170739,5.38
230118-180056,5.39
230118-185935,5.39
230118-200019,5.38
230118-200326,5.38
230119-135338,5.37
230119-150751,5.41
230119-161349,5.39
230119-162052,5.39
230119-182007,5.4
230119-182622,5.4
230120-170928,5.38
230120-173102,5.37
230121-141722,5.27
230121-204545,5.2
230121-234547,5.27
230122-212537,5.36
230122-221220,5.36
230123-110111,5.37
230123-115017,5.35
230123-120026,5.35
230123-134359,5.35
230123-140001,5.36
230123-153854,5.35
230123-154318,5.35
230123-161023,5.35
230123-212117,5.36
230123-214225,5.36
230124-004228,5.36
230124-102130,5.36
230124-114146,5.36
230124-144149,5.33
230124-171233,5.34
230124-172041,5.34
230124-193946,5.34
230124-223002,5.34
230124-232234,5.33
230124-233551,5.33
230125-001156,5.32
230125-003555,5.34
230125-095422,5.34
230125-123822,5.34
230125-124902,5.34
230125-125115,5.34
230125-125512,5.34
230125-125853,5.34
230125-130240,5.34
230125-141625,5.35
230125-142530,5.35
230125-143107,5.35
230125-152648,5.34
230125-153210,5.34
230125-155742,5.35
230125-160302,5.35
230125-171839,5.35
230125-192752,5.36
230126-100050,5.37
230126-130054,5.37
230126-145844,5.36
230126-175847,5.38
230126-205847,5.36
230126-235847,5.35
230127-025847,5.36
230127-055847,5.36
230127-085847,5.37
230127-115847,5.35
230127-132100,5.35
230127-151738,5.35
230128-211444,5.37
230129-002751,5.36
230130-092322,5.35
230130-122328,5.35
230130-152925,5.35
230130-153640,5.35
230131-101329,5.37
230131-131333,5.35
230131-133627,5.36
230131-134051,5.36
230131-153217,5.34
230131-154338,5.34
230131-162855,5.34
230131-163959,5.34
230131-164519,5.34
230201-092554,5.33
230201-100851,5.33
230201-102220,5.33
230201-125518,5.33
230201-132809,5.33
230201-133457,5.33
230201-145643,5.33
230201-150449,5.33
230201-183226,5.31
230202-092345,5.3
230202-100953,5.3
230205-143716,5.27
230205-144122,5.27
230205-154816,5.36
230205-154908,5.36
230205-154933,5.36
230205-155023,5.36
230205-155036,5.36
230205-155105,5.36
230205-1556,5.36
230205-1557,5.36
230205-1557,5.36
230205-1558,5.36
230206-120145,5.37
230206-144123,5.27
230206-164124,5.32
230206-184124,5.32
230207-102312,5.33
230207-124124,5.32
230207-144123,5.36
230207-165413,5.35
230209-103903,5.33
230209-104825,5.33
230209-112642,5.37
230209-113757,5.37
230210-110618,5.38
230210-121006,5.43
230210-155332,5.41
230210-220333,5.39
230212-161552,5.39
230212-173225,5.39
230212-175048,5.4
230213-121353,5.42
230213-155055,5.42
230215-094413,5.37
230215-104349,5.37
230215-112720,5.37
230215-174313,5.36
230216-100105,5.36
230217-112740,5.36
230217-141131,5.37
230217-171626,5.37
230218-002750,5.35
230218-101732,5.32
230218-201911,5.32
230218-220504,5.32
230219-003159,5.32
230220-144051,5.34
230221-100348,5.35
230221-105120,5.36
230221-210235,5.41
230222-161857,5.39
230222-224047,5.4
230223-115321,5.42
230224-201953,5.35
230227-222647,5.36
230228-115156,5.35
230228-120343,5.38
230301-111733,5.35
230301-223936,5.26
230302-102934,5.28
230302-134340,5.28
230302-162605,5.28
230302-210952,5.3
230302-225954,5.29
230303-141841,5.32
230303-154501,5.32
230304-102628,5.33
230304-213357,5.33
230305-221126,5.33
230306-122755,5.31
230306-123108,5.31
230306-163344,5.27
230307-003619,5.31
230307-003631,5.31
230307-102848,5.27
230307-234213,5.26
230308-124448,5.27
230308-143832,5.25
230308-205103,5.26
230309-122826,5.26
230309-224045,5.28
230310-102847,5.33
230311-131300,5.29
230311-221933,5.29
230312-213953,5.29
230313-111942,5.31
230313-112146,5.31
230313-142845,5.29
230313-152532,5.31
230313-222542,5.32
230314-102910,5.33
230314-224933,5.35
230315-203845,5.35
230316-115440,5.33
230316-221418,5.35
230317-104100,5.34
230318-225957,5.35
230319-135451,5.37
230319-210228,5.34
230319-215808,5.37
230320-003502,5.37
230320-141026,5.36
230320-213642,5.39
230321-224257,5.33
230322-131934,5.32
230323-123409,5.3
230323-221244,5.31
230324-010609,5.31
230324-012144,5.31
230324-170529,5.33
230325-180013,5.32
230325-202052,5.32
230326-211221,5.3
230327-121328,5.34
230327-121540,5.34
230328-122321,5.33
230328-223147,5.32
230329-092557,5.32
230330-132350,5.31
230330-213325,5.31
230331-140842,5.31
230331-232802,5.32
230401-001746,5.32
230401-094236,5.34
230402-113103,5.31
230404-103947,5.35
230405-200312,5.35
230405-214421,5.35
230406-104456,5.37
230406-203224,5.34
230406-213238,5.34
230406-220040,5.35
230406-224606,5.34
230407-123749,5.34
230407-130502,5.34
230407-203551,5.32
230407-212539,5.32
230407-221707,5.32
230407-224010,5.32
230407-230514,5.31
230407-230750,5.31
230408-101340,5.35
230410-201541,5.35
230410-210558,5.34
230411-110037,5.34
230412-111832,5.3
230412-172301,5.29
230413-133703,5.27
230414-172111,5.25
230414-221653,5.24
230415-132440,5.25
230415-154540,5.28
230415-223115,5.28
230416-104622,5.28
230416-153259,5.24
230416-231804,5.28
230417-114359,5.23
230417-211002,5.24
230418-115103,5.24
230419-133438,5.25
230419-141140,5.25
230420-162035,5.22
230421-152005,5.2
230422-104846,5.2
230422-110105,5.2
230423-214751,5.19
230424-093626,5.22
230424-104241,5.21
230424-223611,5.2
230425-091342,5.2
230425-202214,5.2
230425-202341,5.2
230425-202712,5.2
230425-203409,5.2
230425-203441,5.2
230425-203906,5.2
230425-203950,5.2
230425-204040,5.2
230425-204942,5.2
230425-205322,5.2
230425-205351,5.2
230425-205601,5.2
230425-210033,5.2
230425-223416,5.2
230426-005358,5.19
230426-095739,5.19
230426-192832,5.18
230427-085823,5.16
230427-105955,5.18
230427-114228,5.18
230427-152241,5.19
230428-103424,5.19
230428-141040,5.2
230503-184230,5.21
230504-091321,5.21
230504-105309,5.22
230504-151155,5.23
230505-095105,5.24
230505-110132,5.25
230505-115707,5.24
230506-121329,5.25
230506-121405,5.25
230507-173818,5.25
230508-082657,5.24
230509-104024,5.24
230509-152859,5.25
230510-091923,5.23
230510-094624,5.23
230511-094057,5.21
230511-200423,5.2
230512-115826,5.21
230513-104531,5.21
230513-182145,5.19
230514-112004,5.21
230514-212313,5.19
230515-133526,5.18
230515-202607,5.19
230515-214841,5.19
230515-214942,5.19
230516-082314,5.18
230516-115113,5.17
230516-214331,5.16
230517-084736,5.16
230517-112602,5.16
230517-112830,5.16
230517-113608,5.16
230517-210329,5.21
230518-103751,5.22
230522-133815,5.2
230522-133945,5.2
230522-134457,5.2
230522-141028,5.2
230522-145917,5.19
230522-211211,5.18
230523-112936,5.17
230523-182950,5.17
230524-102229,5.16
230524-150006,5.17
230524-220415,5.18
230524-220527,5.18
230524-220931,5.18
230524-231458,5.18
230524-231926,5.18
230525-094648,5.2
230525-130324,5.2
230525-130645,5.2
230525-131016,5.2
230525-131224,5.2
230525-132004,5.2
230525-133726,5.2
230525-141219,5.19
230525-150302,5.2
230525-155015,5.18
230526-093537,5.18
230526-104830,5.2
230528-221539,5.21
230529-113616,5.22
230529-113822,5.22
230529-200225,5.21
230530-102441,5.22
230530-214149,5.25
230531-110153,5.26
230531-184059,5.27
230531-201058,5.27
230601-091726,5.27
230601-104437,5.27
230601-110712,5.27
230601-125901,5.28
230601-130625,5.28
230601-134030,5.29
230601-222131,5.26
230602-111138,5.25
230602-141210,5.23
230602-163902,5.24
230604-165222,5.25
230605-101054,5.2
230606-002642,5.19
230606-112549,5.21
230606-123515,5.21
230607-102930,5.19
230612-221353,5.17
230613-103834,5.19
230613-153124,5.21
230613-174054,5.23
230613-225822,5.24
230614-102809,5.23
230614-161906,5.21
230615-100411,5.21
230615-115349,5.22
230615-163115,5.22
230616-110413,5.21
230616-135638,5.22
230617-150650,5.23
230618-223923,5.24
230619-101805,5.22
230619-235655,5.21
230620-101313,5.2
230620-142627,5.19
230620-182210,5.19
230620-214231,5.19
230620-214811,5.19
230621-114335,5.17
230621-153458,5.17
230621-184739,5.16
230621-233421,5.16
230622-112318,5.15
230623-094430,5.16
230623-094430,5.16
230623-130106,5.2
230625-194642,5.19
230626-104657,5.18
230626-143917,5.17
230626-223237,5.17
230627-114535,5.16
230628-110839,5.17
230629-101657,5.17
230629-102327,5.17
230630-105726,5.18
230703-103349,5.17
230703-234945,5.16
230704-115916,5.16
230704-123448,5.16
230704-235932,5.18
230705-100339,5.17
230705-150125,5.2
230705-192821,5.22
230706-103823,5.25
230707-001533,5.25
230707-110323,5.25
230708-113114,5.21
230708-130622,5.26
230710-131024,5.2
230710-145419,5.19
230710-175622,5.19
230711-093154,5.2
230711-111312,5.2
230711-114625,5.21
230711-141912,5.24
230711-151655,5.23
230711-153343,5.22
230711-164710,5.22
230712-125040,5.22
230712-152925,5.2
230712-162025,5.2
230712-191529,5.19
230713-100206,5.18
230713-113807,5.19
230713-114133,5.19
230713-125052,5.18
230714-095501,5.21
230714-104439,5.2
230714-110303,5.2
230714-121358,5.2
230714-124550,5.18
230714-145917,5.19
230714-163410,5.2
230714-163934,5.2
230714-165659,5.2
230714-174453,5.2
230716-165318,5.2
230716-174955,5.19
230716-215432,5.19
230717-181550,5.18
230718-161323,5.18
230719-095458,5.11
230719-135536,5.12
230719-152128,5.12
230720-123204,5.13
230720-124623,5.13
230720-215510,5.15
230720-225013,5.15
230721-094244,5.15
230722-121317,5.16
230722-121317,5.16
230723-014644,5.14
230723-093143,5.14
230723-193638,5.14
230724-104906,5.16
230724-151810,5.15
230725-094454,5.17
230725-213659,5.17
230726-115015,5.16
230726-161146,5.18
230726-195634,5.16
230726-204306,5.16
230727-110216,5.16
230727-124506,5.19
230728-104708,5.17
230728-193205,5.15
230729-134255,5.16
230729-223831,5.15
230731-112153,5.14
230731-120327,5.14
230801-094743,5.14
230801-154623,5.16
230801-193129,5.17
230802-102019,5.17
230803-094358,5.17
230804-103203,5.17
230804-115124,5.16
230806-205001,5.12
230807-114415,5.14
230807-205019,5.14
230809-085740,5.19
230809-220744,5.17
230810-101431,5.18
230811-092129,5.14
230817-094439,5.23
230817-214120,5.24
230818-092354,5.23
230820-213512,5.22
230821-112719,5.23
230821-113831,5.23
230821-113901,5.23
230821-222518,5.24
230822-101719,5.22
230822-142800,5.23
230822-204339,5.24
230822-224501,5.24
230823-093508,5.25
230824-101524,5.22
230824-183601,5.23
230825-100205,5.22
230826-105804,5.22
230827-004753,5.22
230827-114425,5.2
230827-175407,5.2
230828-103637,5.21
230828-235336,5.21
230829-000110,5.21
230829-000725,5.21
230829-001748,5.21
230829-004611,5.19
230829-011254,5.21
230829-095958,5.21
230829-135113,5.21
230829-163348,5.2
230829-171129,5.2
230829-222359,5.19
230829-231509,5.19
230829-234313,5.19
230830-105533,5.2
230830-112658,5.2
230830-135723,5.2
230830-170245,5.19
230830-171622,5.2
230830-172938,5.2
230830-184705,5.2
230830-191117,5.2
230830-192209,5.2
230830-192433,5.2
230830-193047,5.2
230830-193310,5.2
230830-211511,5.21
230831-000637,5.2
230831-002518,5.19
230831-103909,5.21
230831-130933,5.21
230831-132933,5.21
230831-133953,5.21
230901-105135,5.22
230903-223204,5.22
230904-103020,5.22
230904-130355,5.22
230904-162300,5.23
230904-210852,5.23
230905-115400,5.24
230905-174616,5.27
230905-222018,5.27
230906-203727,5.32
230907-105540,5.34
230907-171310,5.38
230907-234150,5.39
230908-111033,5.35
230909-215528,5.39
230911-100935,5.37
230911-103026,5.39
230911-121915,5.41
230911-215244,5.4
230912-233721,5.41
230913-103823,5.41
230926-004825,5.31
230926-004825,5.31
230926-104112,5.3
230926-113056,5.3
230926-132815,5.3
230926-132954,5.3
230926-140132,5.3
230926-145852,5.3
230926-161417,5.29
230926-163518,5.3
230926-234037,5.3
230927-114144,5.3
230927-163053,5.35
230928-090523,5.34
230928-092126,5.34
230928-095800,5.37
230928-221039,5.35
230930-003554,5.34
231003-184601,5.34
231004-101930,5.34
231004-201622,5.33
231005-100634,5.29
231006-094727,5.31
231007-225939,5.29
231009-225735,5.28
231010-105141,5.28
231010-161956,5.25
231011-151444,5.24
231012-110153,5.25
231012-222906,5.25
231013-103614,5.26
231013-144906,5.25
231013-171646,5.23
231014-120502,5.24
231015-114901,5.23
231016-093843,5.18
231017-104207,5.13
231018-134732,5.13
231018-230846,5.13
231019-110013,5.12
231019-152735,5.11
231019-201025,5.1
231020-105500,5.11
231020-170109,5.11
231020-211355,5.12
231021-142920,5.12
231021-181921,5.12
231022-112016,5.12
231022-175212,5.12
231023-101723,5.13
231023-203245,5.12
231024-101300,5.13
231024-172622,5.13
231025-121451,5.13
231026-022728,5.12
231026-022728,5.12
231026-105911,5.13
231026-150950,5.12
231026-211319,5.12
231027-104305,5.12
231027-233300,5.12
231028-192015,5.11
231029-141958,5.12
231029-151212,5.13
231029-215732,5.11
231030-121200,5.12
231030-215606,5.09
231031-105341,5.09
231102-104531,5.11
231102-213120,5.11
231103-105956,5.12
231106-104245,5.15
231107-103733,5.12
231108-094426,5.12
231108-113128,5.13
231108-232433,5.09
231109-085615,5.1
231109-150018,5.09
231110-113212,5.05
231111-114620,5.06
231111-132500,5.06
231111-161908,5.06
231112-162900,5.06
231113-102319,5.08
231114-104614,5.06
231115-103144,5.14
231115-104409,5.14
231115-104608,5.14
231115-205827,5.02
231116-100012,5.01
231116-125917,4.99
231116-222447,4.99
231117-112033,5.01
231117-115352,5.01
231117-133007,5.0
231118-231852,5.0
231121-112704,4.99
231121-112723,4.99
231121-113435,4.99
231121-155458,5.01
231121-190226,5.02
231121-191925,5.02
231122-114800,5.03
231122-201439,5.01
231123-100107,5.02
231123-111323,5.04
231123-123958,5.01
231124-143421,5.03
231125-203709,5.02
231125-230830,5.02
231126-235530,5.02
231127-121333,5.02
231127-232107,5.01
231128-100913,5.02
231128-121437,5.02
231128-135216,5.01
231128-153224,5.0
231129-152354,5.01
231130-085838,5.04
231130-125230,5.03
231130-192555,5.05
231201-104625,5.05
231201-124628,5.04
231202-224306,5.02
231204-095820,5.05
231204-134508,5.05
231204-222604,5.04
231205-104356,5.04
231206-093358,5.05
231206-211445,5.05
231207-100827,5.06
231208-121750,5.06
231208-142503,5.05
231209-235713,5.06
231211-101050,5.06
231211-180039,5.06
231212-095934,5.05
231213-114127,5.02
231213-130948,5.02
231214-095814,5.0
231214-132915,5.01
231214-151030,5.01
231215-093703,5.01
231215-143601,5.02
231215-161547,5.03
231217-185638,5.04
231217-185904,5.04
231219-103446,5.02
231219-152942,5.03
231221-145312,5.0
231221-192002,4.99
231222-103613,5.0
231226-013808,4.99
231226-132725,5.0
231226-214238,4.99
231227-102545,4.98
231227-111009,5.01
231227-115706,4.99
231227-132740,4.98
231227-144230,4.99
231227-154149,4.98
231227-191032,4.98
231228-095751,4.99
231228-133116,4.98
231228-150749,4.98
231229-123411,4.99
231229-141101,4.99
231230-223029,5.0
231231-125844,5.01
240101-162944,5.01
240101-205139,5.01
240101-205205,5.01
240102-092637,5.01
240102-164730,5.03
240102-234747,5.04
240103-140957,5.03
240103-155822,5.04
240103-212135,5.05
240103-212201,5.05
240104-100234,5.05
240104-120433,5.04
240104-133756,5.06
240104-153336,5.04
240104-163255,5.04
240105-090755,5.04
240105-093027,5.04
240105-112046,5.05
240105-223921,5.06
240108-105649,5.06
240108-131142,5.05
240108-135922,5.05
240108-151407,5.04
240109-093816,5.04
240109-114750,5.04
240109-133824,5.06
240109-143113,5.05
240110-112607,5.05
240110-142407,5.06
240110-162518,5.04
240110-214124,5.04
240110-222904,5.03
240111-090105,5.05
240111-105310,5.06
240111-124620,5.06
240112-110759,5.06
240112-183801,5.07
240113-171330,5.06
240113-204631,5.06
240114-184953,5.07
240115-141908,5.08
240116-132116,5.09
240116-233121,5.1
240117-092701,5.12
240117-133900,5.12
240118-095707,5.13
240118-150151,5.14
240118-150215,5.14
240118-223259,5.12
240119-160810,5.08
240122-121037,5.09
240122-122108,5.09
240123-092543,5.11
240124-114324,5.13
240124-173907,5.13
240125-000704,5.12
240125-125633,5.11
240126-133927,5.12
240128-214600,5.11
240129-120057,5.13
240130-130145,5.1
240130-203622,5.09
240131-121701,5.07
240201-131252,5.08
240202-144959,5.07
240203-171916,5.1
240204-165609,5.1
240205-123819,5.07
240205-230912,5.07
240206-142022,5.09
240206-211102,5.09
240207-113613,5.1
240207-190147,5.09
240208-120609,5.09
240213-005723,5.05
240213-005752,5.05
240213-005756,5.05
240213-005913,5.05
240213-005803,5.05
240213-005934,5.05
240213-005937,5.05
240213-011251,5.05
240213-011614,5.05
240213-091448,5.07
240213-092624,5.07
240213-094717,5.07
240213-101609,5.07
240213-151353,5.09
240213-151424,5.09
240213-151431,5.09
240213-190217,5.1
240213-220806,5.1
240213-231751,5.1
240214-081548,5.09
240214-092928,5.09
240214-101746,5.09
240214-103423,5.1
240214-115929,5.09
240214-134654,5.09
240214-150020,5.09
240214-150141,5.09
240214-161255,5.09
240214-162947,5.09
240214-165157,5.08
240214-165514,5.08
240214-171926,5.09
240214-181226,5.09
240214-213814,5.08
240214-232314,5.08
240214-235009,5.08
240214-235113,5.08
240215-125810,5.08
240215-130715,5.08
240215-133450,5.08
240215-133553,5.08
240215-133604,5.08
240215-141415,5.08
240215-205147,5.08
240215-214029,5.08
240216-092735,5.08
240216-110040,5.07
240216-120735,5.07
240216-154859,5.07
240216-195433,5.08
240216-212828,5.07
240217-110956,5.07
240217-172815,5.08
240217-195836,5.07
240218-073853,5.07
240218-104153,5.07
240218-180258,5.06
240218-181532,5.06
240218-210719,5.07
240219-104837,5.08
240219-175011,5.06
240219-221258,5.05
240219-230320,5.06
240220-161022,5.05
240220-181728,5.04
240220-193439,5.04
240220-193645,5.04
240221-000748,5.04
240221-021705,5.06
240221-112451,5.05
240221-113007,5.05
240221-174032,5.05
240221-220118,5.04
240221-222157,5.04
240221-232450,5.04
240222-103944,5.05
240222-203802,5.05
240222-230459,5.06
240222-230733,5.06
240222-231103,5.06
240222-231411,5.06
240222-231849,5.06
240222-232325,5.06
240222-232603,5.06
240223-010221,5.06
240223-013329,5.04
240223-114844,5.06
240223-125049,5.06
240223-132446,5.05
240223-154129,5.06
240223-222854,5.04
240223-235851,5.04
240224-094952,5.05
240224-204051,5.05
240225-000703,5.05
240225-183542,5.05
240225-212316,5.04
240226-000741,5.05
240226-110139,5.04
240226-110241,5.04
240226-135847,5.04
240226-213121,5.04
240226-231845,5.04
240226-232306,5.04
240226-232442,5.04
240227-000250,5.04
240227-102329,5.03
240227-130146,5.04
240227-133705,5.03
240227-154508,5.04
240227-171229,5.04
240227-195820,5.04
240227-200829,5.04
240227-221855,5.04
240227-224015,5.04
240227-233254,5.04
240227-234510,5.04
240228-094306,5.04
240228-212732,5.05
240229-115450,5.04
240229-131305,5.04
240229-142006,5.05
240229-143900,5.04
240229-173742,5.05
240229-215146,5.04
240301-120304,5.05
240301-124957,5.05
240301-133847,5.04
240301-143611,5.04
240301-144834,5.04
240301-165310,5.04
240301-231240,5.04
240301-233444,5.04
240302-112345,5.04
240302-184526,5.03
240302-203513,5.03
240302-234803,5.03
240303-112547,5.04
240303-193821,5.03
240304-101536,5.04
240304-143317,5.05
240304-210234,5.05
240304-212802,5.05
240305-105933,5.05
240305-135141,5.05
240306-103705,5.05
240306-104743,5.05
240306-110206,5.05
240306-122911,5.04
240306-162100,5.03
240306-181221,5.02
240306-190023,5.03
240306-225446,5.02
240307-121459,5.05
240307-181003,5.03
240308-001007,5.03
240308-134027,5.05
240308-160345,4.99
240308-170014,5.05
240308-184433,5.04
240309-004436,5.03
240309-005428,5.03
240309-110705,5.05
240309-114319,5.05
240309-130155,5.05
240309-161015,5.04
240309-234541,5.04
240309-235031,5.04
240310-120345,5.05
240310-131609,5.05
240310-131620,5.05
240310-131639,5.05
240310-132705,5.05
240310-132817,5.05
240310-135349,5.05
240310-140952,5.05
240310-143137,5.05
240310-143952,5.05
240310-152413,5.05
240310-152617,5.05
240310-154359,5.04
240310-154838,5.04
240310-155618,5.04
240310-160857,5.04
240310-161525,5.04
240310-161848,5.04
240310-170127,5.05
240310-172429,5.05
240310-175143,5.04
240310-214758,5.04
240310-233750,5.05
240310-233802,5.05
240311-120801,5.03
240311-135851,5.02
240311-145913,5.02
240311-151325,5.02
240311-214105,5.02
240312-115724,5.02
240312-131544,5.01
240312-132732,5.01
240312-151219,5.01
240312-182538,5.02
240312-222407,5.02
240313-125444,5.01
240313-162001,5.01
240313-172011,5.0
240313-201536,5.01
240314-021540,5.01
240314-134806,5.03
240314-143917,5.03
240314-153946,5.02
240314-190134,5.04
240314-221741,5.03
240315-124908,5.02
240315-143954,5.03
240315-182055,5.03
240315-182819,5.03
240315-202051,5.02
240319-091153,5.05
240319-104058,5.05
240319-125320,5.08
240319-135118,5.06
240319-222248,5.05
240320-013203,5.06
240320-121954,5.07
240320-122557,5.07
240320-150607,5.04
240320-182035,5.06
240320-222746,5.05
240321-121340,5.09
240321-140219,5.02
240321-154213,5.01
240321-172823,5.02
240322-091510,5.02
240328-104142,5.04
240328-134638,5.05
240328-160558,5.03
240328-160729,5.03
240328-160850,5.03
240328-195124,5.03
240328-195306,5.03
240329-074623,5.04
240329-075329,5.04
240329-203007,5.02
240330-125943,5.04
240401-140950,5.03
240401-141527,5.03
240401-141635,5.03
240401-142203,5.01
240401-142449,5.01
240401-191016,5.02
240402-112432,5.03
240402-132422,5.02
240402-132651,5.02
240402-133849,5.06
240402-150227,5.02
240402-160754,5.01
240402-220758,5.0
240403-144423,5.01
240403-160936,5.01
240403-170449,5.01
240403-171657,5.01
240403-182013,5.01
240403-212018,5.01
240404-130625,5.0
240404-203452,5.0
240404-231309,5.01
240405-111825,5.01
240409-114453,4.97
240409-131457,4.96
240409-205457,4.99
240409-220410,4.98
240410-001057,4.98
240410-104457,4.99
240410-104618,4.99
240410-120325,4.98
240410-132532,4.98
240410-143901,4.98
240410-151009,4.98
240410-151112,4.98
240410-171633,4.98
240410-175412,4.98
240410-214156,4.92
240410-222302,4.92
240411-090403,4.98
240412-093348,4.99
240412-125948,4.99
240412-144349,4.99
240412-212550,5.02
240412-214453,5.02
240412-221433,5.02
240413-111718,5.02
240413-161552,5.02
240414-094549,5.03
240414-120330,5.02
240414-194908,5.02
240414-203927,5.02
240414-213318,5.02
240415-085107,5.0
240415-085923,5.0
240415-145926,5.03
240415-175620,5.04
240415-175923,5.04
240415-180220,5.04
240415-180605,5.04
240415-213934,5.04
240416-090029,5.06
240416-100008,5.06
240416-135836,5.09
240416-142529,5.08
240416-202533,5.06
240417-090844,5.11
240417-134218,5.08
240417-225757,5.05
240418-092021,5.05
240418-092255,5.05
240418-152258,5.06
240418-204844,5.06
240418-224021,5.07
240418-231031,5.07
240419-092119,5.06
240419-110322,5.09
240419-150119,5.05
240419-164219,5.06
240420-111356,5.03
240420-171401,5.03
240420-231400,5.03
240421-051400,5.03
240421-111400,5.03
240421-171400,5.03
240421-231400,5.03
240422-093054,5.01
240422-153058,4.97
240422-171721,5.0
240422-171952,5.0
240423-093200,5.01
240423-100327,5.01
240423-103321,4.99
240423-104308,4.99
240423-123816,5.02
240423-184015,5.01
240423-205134,5.0
240424-092905,5.01
240424-152909,5.04
240424-212909,5.05
240425-093044,5.06
240425-130020,5.03
240425-201210,5.04
240426-003334,5.03
240426-080828,5.04
240426-085902,5.04
240426-145905,5.04
240426-205905,5.05
240427-025905,5.03
240427-085905,5.05
240428-235445,5.04
240429-000015,5.04
240429-000812,5.04
240429-001051,5.04
240429-090013,5.05
240429-092438,5.05
240429-142505,5.06
240429-202508,5.04
240430-093040,5.05
240430-120719,5.06
240430-180722,5.07
240430-191233,5.06
240504-213625,5.04
240505-165745,5.05
240506-082959,5.04
240506-143002,5.04
240506-222457,5.05
240507-091801,5.03
240507-151805,5.02
240507-211805,5.02
240508-085625,5.01
240508-093013,5.01
240508-153016,5.0
240508-181651,5.0
240509-001654,5.0
240509-080924,4.99
240509-090056,5.01
240509-090748,5.01
240509-133733,4.99
240509-201033,4.99
240509-204134,5.0
240509-214109,4.97
240510-034115,4.97
240510-094115,4.98
240510-154115,4.99
240510-214115,5.0
240511-034115,4.99
240511-094115,5.0
240511-142625,5.0
240511-224508,5.0
240512-121051,5.01
240512-121522,5.01
240512-212239,5.0
240512-220511,5.0
240513-105948,5.0
240513-110335,5.0
240513-170346,4.98
240513-221354,4.99
240514-095101,4.99
240514-155104,4.97
240514-215104,4.96
240515-035104,4.98
240515-095104,4.97
240515-110225,4.95
240515-170228,4.97
240516-002634,4.97
240516-062638,4.97
240516-122638,4.97
240516-165629,4.97
240516-225633,4.97
240517-090736,4.98
240517-150740,4.98
240517-210740,4.96
240518-030740,4.96
240518-090740,4.96
240518-150740,4.98
240519-125944,4.98
240519-185748,4.96
240520-090436,4.98
240520-150439,4.98
240520-210439,4.97
240521-092405,4.97
240521-152410,4.98
240521-173607,4.98
240521-233610,4.98
240522-053610,4.98
240522-113611,5.0
240522-173610,5.01
240522-184235,5.0
240523-004238,5.02
240523-092721,5.01
240523-152724,5.01
240523-210029,5.02
240524-141355,5.01
240525-170841,4.99
240525-171520,4.99
240525-172358,4.99
240526-123851,5.01
240526-183854,4.99
240527-003854,5.0
240527-063854,5.0
240527-123854,5.0
240527-183854,5.01
240527-191731,5.01
240528-011734,5.01
240528-071734,5.0
240528-131734,5.01
240529-091947,4.99
240529-151950,5.01
240529-202407,5.04
240529-231433,5.03
240530-051437,5.0
240530-111437,5.06
240530-171437,5.03
240530-231437,5.02
240531-091706,5.02
240531-151709,4.99
240601-122406,5.02
240601-182409,5.02
240602-002409,5.02
240602-010508,5.01
240602-131421,5.01
240603-091853,5.03
240603-093328,5.03
240603-153331,5.01
240603-224617,5.01
240604-044631,4.99
240604-104631,5.02
240604-164631,5.05
240604-224631,5.06
240605-092834,5.06
240605-111142,5.05
240606-153956,5.04
240606-155921,5.04
240606-162802,5.04
240606-185630,5.02
240606-201120,5.02
240606-201123,5.02
240607-092948,5.03
240607-125855,5.04
240607-133106,5.04
240607-152952,5.05
240607-170716,5.04
240607-230719,5.01
240608-050719,5.04
240608-110719,5.11
240608-170719,5.11
240608-230719,5.11
240609-050719,5.11
240609-110719,5.11
240609-170719,5.11
240609-230719,5.11
240610-093000,5.11
240610-153005,5.11
240610-213005,5.11
240611-033005,5.12
240611-093005,5.11
240611-135742,5.14
240611-135812,5.14
240611-140157,5.14
240611-140528,5.14
240611-140612,5.14
240611-141215,5.14
240611-141239,5.14
240611-141324,5.14
240611-141428,5.14
240611-141622,5.14
240611-141721,5.14
240611-142120,5.14
240611-142408,5.16
240611-142554,5.16
240611-142630,5.16
240611-144921,5.16
240611-145030,5.16
240611-145135,5.16
240611-145155,5.16
240611-145358,5.16
240611-151919,5.16
240611-151921,5.16
240611-171924,5.15
240611-191924,5.14
240612-092717,5.15
240612-112720,5.14
240612-131558,5.14
240612-132720,5.14
240612-152720,5.13
240612-172720,5.13
240612-192720,5.13
240612-212720,5.12
240612-232720,5.13
240613-012720,5.12
240613-032720,5.13
240613-052720,5.13
240613-072720,5.12
240613-092720,5.13
240613-112720,5.13
240613-132720,5.14
240613-152720,5.14
240613-172720,5.15
240613-192720,5.16
240613-212720,5.16
240613-232720,5.17
240614-092930,5.16
240614-112024,5.19
240614-132028,5.19
240614-152028,5.18
240614-172028,5.19
240614-192028,5.19
240614-212028,5.19
240614-232028,5.19
240615-012028,5.19
240615-032028,5.2
240615-052028,5.19
240615-072028,5.19
240615-092028,5.19
240615-112028,5.19
240615-132028,5.18
240615-180237,5.19
240615-193139,5.19
240615-213142,5.19
240617-092528,5.18
240617-105358,5.18
240617-105419,5.18
240617-105428,5.18
240617-105440,5.18
240617-112532,5.16
240617-132532,5.16
240617-152532,5.16
240617-172532,5.15
240617-192532,5.15
240617-212532,5.15
240617-232532,5.14
240618-012532,5.15
240618-032532,5.15
240618-052532,5.15
240618-072532,5.15
240618-092532,5.13
240618-112532,5.15
240618-120028,5.15
240618-132532,5.15
240618-152532,5.13
240618-172532,5.13
240618-192532,5.13
240618-212532,5.15
240618-232532,5.13
240619-121428,5.14
240619-141433,5.11
240619-161433,5.13
240619-181433,5.12
240619-215203,5.11
240619-235206,5.12
240620-015206,5.12
240620-035206,5.12
240620-055206,5.12
240620-075206,5.12
240620-095206,5.11
240620-115206,5.12
240620-135206,5.12
240620-155206,5.12
240620-200102,5.12
240624-104930,5.12
240624-122230,5.1
240624-135628,5.07
240624-152036,5.07
240624-153405,5.07
240624-163621,5.08
240624-173408,5.08
240624-211134,5.07
240624-220723,5.08
240624-223234,5.08
240624-233957,5.07
240625-105556,5.06
240625-125559,5.09
240625-143028,5.09
240625-163032,5.1
240625-220603,5.08
240626-000606,5.09
240626-101355,5.11
240626-111355,5.11
240626-131359,5.1
240626-151359,5.11
240626-171359,5.1
240626-195422,5.1
240626-215426,5.1
240626-235426,5.1
240627-001659,5.1
240627-004916,5.1
240627-102751,5.1
240627-122755,5.09
240627-124340,5.1
240627-144344,5.11
240627-164344,5.11
240627-184344,5.1
240627-220230,5.1
240628-000234,5.09
240628-103336,5.1
240628-123340,5.08
240628-143340,5.09
240628-163340,5.09
240628-172947,5.08
240628-192950,5.08
240628-210651,5.08
240629-234953,5.09
240630-014956,5.09
240630-112633,5.09
240630-123432,5.09
240630-143435,5.09
240630-144758,5.09
240630-164800,5.09
240630-184800,5.09
240630-204800,5.09
240630-224800,5.08
240701-101948,5.07
240701-110715,5.06
240701-112149,5.06
240701-113022,5.06
240701-114051,5.06
240701-114832,5.06
240701-115001,5.06
240701-115227,5.06
240701-135230,5.05
240701-155230,5.07
240701-175230,5.09
240701-195230,5.06
240701-215230,5.05
240701-235230,5.08
240702-015230,5.09
240702-035230,5.06
240702-055230,5.08
240702-075230,5.1
240702-095230,5.1
240702-115230,5.1
240702-135230,5.12
240702-155230,5.1
240702-175230,5.09
240702-195230,5.09
240702-215230,5.09
240702-235230,5.09
240703-015230,5.08
240703-035230,5.13
240703-055230,5.08
240703-075230,5.06
240703-095230,5.08
240703-115230,5.08
240703-135230,5.05
240703-155230,5.11
240703-175230,5.08
240703-195230,5.08
240703-215230,5.09
240703-235230,5.08
240704-015230,5.06
240704-035230,5.09
240704-055230,5.08
240704-075230,5.07
240704-095230,5.08
240704-115230,5.08
240704-135230,5.08
240704-155230,5.06
240704-175230,5.05
240704-195231,5.05
240704-215230,5.05
240705-104149,5.05
240705-113913,5.06
240705-121010,5.06
240705-124153,5.06
240705-144153,5.06
240705-164153,5.06
240705-184153,5.07
240705-204153,5.07
240705-224153,5.06
240706-004153,5.06
240706-024153,5.05
240706-044153,5.06
240706-064153,5.06
240706-084153,5.06
240706-104153,5.06
240706-124153,5.06
240706-144153,5.06
240706-164153,5.05
240706-184153,5.05
240706-235211,5.06
240707-015215,5.05
240707-121005,5.06
240707-122923,5.06
240707-142926,5.06
240707-143627,5.06
240707-163630,5.05
240707-183630,5.05
240707-203630,5.05
240707-223631,5.05
240708-100448,5.06
240708-100504,5.06
240708-105328,5.04
240708-125724,5.06
240708-125728,5.06
240708-141519,5.05
240708-152220,5.05
240708-152300,5.05
240708-162517,5.05
240708-164308,5.07
240708-173157,5.05
240708-193200,5.05
240708-225724,5.05
240709-101037,5.05
240709-112705,5.05
240709-120931,5.04
240709-132654,5.04
240709-152658,5.05
240709-165347,5.05
240709-223544,5.03
240710-003547,5.03
240710-103726,5.03
240710-122759,5.04
240710-142803,5.04
240710-181242,5.05
240710-191628,5.06
240710-211632,5.04
240710-213723,5.05
240710-233727,5.06
240711-004103,5.06
240711-131058,5.05
240711-151104,5.05
240711-171104,5.05
240711-185027,5.06
240711-185213,5.06
240711-185743,5.06
240727-235648,5.06
240728-121536,5.07
240728-202003,5.07
240728-210603,5.07
240728-230920,5.07
240729-091627,5.07
240729-123416,5.07
240729-123535,5.07
240729-143537,5.09
240729-165943,5.09
240729-185946,5.1
240729-201617,5.09
240729-204445,5.09
240729-224448,5.08
240730-095845,5.09
240730-101005,5.09
240730-103653,5.08
240730-123139,5.06
240730-135240,5.07
240730-155243,5.08
240730-171311,5.08
240730-225953,5.09
240731-091305,5.08
240731-100412,5.08
240731-101921,5.08
240731-121924,5.09
240731-141924,5.09
240731-161924,5.09
240731-181924,5.09
240801-104317,5.09
240801-124320,5.08
240801-144320,5.1
240801-164320,5.09
240801-184320,5.08
240806-092051,5.03
240806-112055,5.03
240806-140511,5.06
240806-160517,5.01
240806-180517,5.01
240806-195546,5.0
240806-215549,5.0
240806-235549,5.01
240807-103839,5.01
240807-123842,5.03
240807-143842,5.03
240807-163842,5.03
240807-220719,5.01
240808-000722,5.02
240808-020722,5.03
240808-040722,5.02
240808-060722,5.02
240808-080722,5.04
240808-100722,5.02
240808-120722,5.02
240808-140722,5.04
240808-160722,5.04
240808-180722,5.05
240808-200722,5.02
240808-220722,5.08
240809-000722,5.05
240809-020722,5.03
240809-040722,5.07
240809-060722,5.05
240809-080722,5.01
240809-100722,5.06
240809-120722,5.05
240809-140722,5.03
240809-160722,5.05
240809-180722,5.05
240809-200722,5.05
240809-220722,5.05
240810-000722,5.05
240810-105354,5.04
240810-125357,5.05
240810-145357,5.05
240810-195932,5.04
240811-001456,5.02
240811-021500,5.02
240811-121944,5.02
240812-083256,5.06
240812-095737,5.04
240812-100024,5.04
240812-101538,5.04
240812-121541,5.03
240812-133828,5.02
240812-221423,5.03
240813-001423,5.03
240813-102920,5.04
240813-122922,5.01
240813-142923,5.02
240813-165115,5.02
240813-233531,5.02
240814-092107,4.99
240814-112110,4.98
240814-132110,5.0
240814-152111,5.01
240814-220231,4.99
240815-095820,5.0
240815-122324,4.99
240815-135639,5.0
240815-140015,5.0
240815-140214,5.0
240815-151218,5.01
240815-155938,5.02
240815-175941,5.02
240815-182201,5.02
240815-182645,5.02
240815-203050,5.02
240815-223053,5.03
240816-003054,5.02
240816-101628,5.03
240816-123936,5.05
240816-143938,5.02
240816-163938,5.02
240816-183939,5.01
240817-130232,5.02
240817-141439,5.03
240817-233044,5.0
240818-013048,4.99
240818-113947,5.0
240818-210049,4.99
240818-230051,4.99
240819-095106,5.0
240819-095422,5.0
240819-113221,5.02
240819-133224,5.02
240819-153224,5.01
240819-155447,5.01
240819-214639,4.99
240819-234643,5.0
240820-101005,5.0
240820-105022,4.99
240820-125025,5.01
240820-150144,5.01
240820-211112,5.01
240820-231117,5.0
240821-092257,5.01
240821-100016,5.01
240821-115701,5.02
240821-135704,5.02
240821-155705,5.01
240821-175705,5.03
240821-195705,5.03
240821-215705,4.99
240822-111019,5.02
240822-120643,5.05
240822-140647,5.0
240822-150639,5.05
240822-170644,5.04
240822-194122,5.05
240822-214125,5.06
240822-234126,5.04
240823-100749,5.05
240823-115329,5.05
240823-124850,5.04
240823-125010,5.04
240823-145013,5.05
240823-165339,5.05
240823-185343,5.01
240825-225044,5.0
240826-005047,5.02
240826-095520,5.06
240826-115942,5.05
240826-123508,5.05
240826-143511,5.06
240826-151210,5.06
240826-171213,5.06
240826-191213,5.05
240826-211213,5.05
240826-231213,5.07
240827-122132,5.07
240827-150125,5.07
240827-171852,5.07
240827-191855,5.08
240827-210953,5.08
240828-114248,5.1
240828-135158,5.1
240828-162415,5.11
240828-172136,5.1
240828-172252,5.1
240828-173210,5.1
240828-174713,5.1
240828-194715,5.1
240828-213625,5.1
240828-233627,5.1
240829-114010,5.1
240829-125336,5.12
240829-145340,5.1
240829-162959,5.1
240829-183003,5.09
240829-210809,5.08
240829-230813,5.1
240830-120639,5.09
240830-144149,5.09
240830-164152,5.08
240830-230413,5.08
240831-010417,5.1
240831-114253,5.09
240831-131044,5.09
240901-115355,5.09
240901-115405,5.09
240901-120946,5.09
240901-190740,5.11
240901-191246,5.11
240901-191307,5.11
240901-211309,5.11
240901-214607,5.09
240901-214746,5.09
240901-215004,5.09
240901-215013,5.09
240901-234748,5.09
240902-004718,5.11
240902-095931,5.09
240902-111058,5.11
240902-120738,5.08
240902-150624,5.07
240902-170002,5.08
240902-202225,5.07
240902-222228,5.06
240902-232349,5.07
240903-012353,5.07
240903-081914,5.07
240903-085427,5.07
240903-104458,5.08
240903-104815,5.08
240903-124817,5.08
240903-144817,5.09
240903-164817,5.09
240903-184817,5.08
240903-205955,5.09
240903-225958,5.09
240904-084442,5.08
240904-104444,5.07
240904-124444,5.08
240904-133235,5.08
240904-153238,5.08
240904-165002,5.08
240904-184955,5.06
240904-185004,5.06
240904-212813,5.06
240904-232815,5.07
240905-015440,5.06
240905-015519,5.06
240905-093657,5.07
240905-093745,5.07
240905-105319,5.06
240905-124855,5.07
240905-133213,5.07
240905-134729,5.08
240905-141823,5.06
240905-161826,5.06
240905-182728,5.08
240905-210447,5.08
240905-230450,5.07
240906-100457,5.08
240906-102236,5.08
240906-122255,5.07
240906-142255,5.08
240906-162255,5.09
240906-210515,5.1
240906-230518,5.08
240907-102805,5.09
240907-232011,5.07
240908-132305,5.07
240908-133323,5.07
240908-153326,5.08
240908-173326,5.07
240908-194230,5.09
240908-214234,5.09
240908-234234,5.07
240909-084456,5.1
240909-090544,5.1
240909-091154,5.1
240909-111158,5.1
240909-132556,5.08
240909-152601,5.07
240909-153815,5.08
240909-173820,5.07
240909-193820,5.07
240910-092113,5.07
240910-112116,5.08
240910-132116,5.08
240910-152116,5.08
240910-172116,5.08
240910-183339,5.09
240910-184925,5.08
240910-192352,5.08
240910-212355,5.11
240910-232355,5.08
240911-093629,5.08
240911-103459,5.08
240911-121547,5.09
240911-141551,5.08
240911-164200,5.08
240911-184204,5.1
240911-202145,5.08
240911-205252,5.08
240911-212737,5.09
240911-223844,5.07
240911-225442,5.07
240911-230141,5.07
240911-233005,5.08
240912-095705,5.09
240912-115708,5.1
240912-135708,5.11
240912-142828,5.09
240912-143251,5.09
240912-161927,5.06
240912-181454,5.11
240912-215314,5.05
240912-235317,5.08
240913-104541,5.03
240913-124213,5.09
240913-131021,5.09
240913-145913,5.08
240913-165916,5.08
240913-185916,5.07
240913-205916,5.07
240913-225916,5.07
240914-005916,5.08
240914-025916,5.08
240914-113003,5.07
240914-190604,5.07
240914-210607,5.07
240914-230607,5.07
240915-114213,5.07
240915-114219,5.07
240915-134221,5.07
240915-151515,5.07
240915-171518,5.07
240915-183216,5.07
240915-184710,5.07
240915-190328,5.07
240915-210331,5.07
240915-230331,5.07
240916-093824,5.07
240916-113827,5.07
240916-133827,5.04
240916-185803,5.08
240916-230617,5.07
240917-093041,5.08
240917-093156,5.08
240917-103254,5.07
240917-120719,5.07
240917-154047,5.08
240917-212807,5.08
240917-232811,5.06
240918-085915,5.08
240918-101839,5.07
240918-104917,5.09
240918-122455,5.06
240918-140512,5.06
240918-140731,5.06
240918-141318,5.06
240918-153149,5.07
240918-171838,5.07
240918-203305,5.07
240918-223309,5.06
240919-004322,5.07
240919-114853,5.07
240919-125222,5.05
240919-125453,5.05
240919-125654,5.05
240919-130314,5.05
240919-150318,5.08
240919-170318,5.08
240919-190318,5.11
240919-210318,5.08
240919-230318,5.08
240920-010318,5.09
240920-030318,5.07
240920-050318,5.08
240920-070318,5.09
240920-090318,5.08
240920-103227,5.09
240920-113207,5.1
240920-133211,5.09
240920-133343,5.09
240920-153346,5.09
240920-173346,5.09
240920-193346,5.09
240920-204357,5.1
240922-215607,5.09
240923-095137,5.13
240923-115139,5.11
240923-135139,5.13
240923-155139,5.11
240923-214436,5.11
240923-214949,5.11
240923-220756,5.11
240924-091631,5.12
240924-111634,5.12
240924-142635,5.13
240924-162638,5.11
240924-182638,5.09
240924-202638,5.12
240924-222638,5.1
240925-091946,5.08
240925-111951,5.1
240925-131951,5.1
240925-142743,5.1
240925-162747,5.11
240925-182747,5.11
240925-202747,5.13
240926-093608,5.11
240926-113611,5.11
240926-133611,5.13
240926-153611,5.11
240927-081722,5.12
240927-103357,5.12
240927-103406,5.12
240927-123408,5.12
240927-125737,5.12
240927-145743,5.13
240927-154200,5.15
240927-174204,5.13
240927-174713,5.13
240927-195051,5.13
240927-203041,5.13
240927-203413,5.13
240930-001901,5.12
240930-021904,5.11
240930-095444,5.13
240930-095450,5.13
240930-115452,5.12
240930-134122,5.13
240930-143334,5.12
240930-145719,5.12
240930-205106,5.15
240930-213806,5.16
241001-111330,5.16
241001-122029,5.15
241001-122045,5.15
241001-132545,5.16
241001-132838,5.16
241001-134009,5.19
241001-143134,5.15
241001-162430,5.19
241002-004009,5.16
241002-022022,5.16
241002-022325,5.16
241002-022723,5.16
241002-023320,5.16
241002-092116,5.16
241002-093254,5.14
241002-113256,5.16
241002-121311,5.16
241002-122408,5.16
241002-131324,5.16
241002-142253,5.16
241003-102224,5.17
241003-120924,5.11
241003-121636,5.11
241003-123340,5.11
241003-132123,5.11
241003-133324,5.16
241003-133624,5.16
241003-134330,5.16
241003-135842,5.18
241003-141316,5.18
241003-154629,5.11
241003-224833,5.12
241004-004836,5.12
241004-060416,5.13
241004-060556,5.13
241004-060607,5.13
241004-101020,5.13
241004-104806,5.12
241004-111654,5.15
241004-113421,5.15
241004-121120,5.15
241004-133336,5.14
241004-141745,5.15
241004-142948,5.15
241004-143025,5.15
241004-163028,5.15
241004-164027,5.15
241004-165801,5.15
241004-172930,5.16
241004-173804,5.16
241004-175753,5.16
241004-175758,5.16
241004-184433,5.19
241005-111508,5.18
241005-120406,5.16
241005-152648,5.16
241005-212823,5.18
241005-221447,5.18
241006-001451,5.16
241006-012223,5.18
241006-195220,5.18
241006-195625,5.18
241006-210202,5.18
241006-230205,5.18
241006-234333,5.16
241007-100830,5.16
241007-120833,5.16
241007-135627,5.15
241007-140817,5.15
241007-160821,5.15
241007-161841,5.15
241007-174414,5.15
241007-174435,5.15
241007-222258,5.15
241007-230227,5.15
241007-230448,5.15
241008-001845,5.15
241008-090014,5.15
241008-090757,5.15
241008-093621,5.14
241008-113624,5.15
241008-122429,5.14
241008-142433,5.14
241008-145931,5.14
241008-162453,5.14
241008-173107,5.14
241008-173759,5.14
241008-175402,5.14
241008-195406,5.13
241008-213831,5.13
241009-100827,5.14
241009-113844,5.13
241009-133848,5.13
241009-153848,5.13
241009-195326,5.13
241009-211702,5.13
241009-212338,5.13
241010-111652,5.14
241010-115254,5.15
241010-121043,5.15
241010-123158,5.15
241010-125954,5.15
241010-130519,5.15
241011-090823,5.13
241011-104753,5.13
241011-104833,5.13
241014-093958,5.13
241014-095917,5.13
241014-112017,5.12
241014-122632,5.13
241014-131111,5.13
241014-133450,5.13
241015-083505,5.15
241015-085059,5.15
241015-105105,5.15
241015-125105,5.15
241015-145105,5.15
241015-223559,5.15
241016-082652,5.13
241016-102656,5.14
241016-122656,5.14
241016-142656,5.14
241017-083801,5.16
241017-084651,5.16
241017-104657,5.17
241017-105803,5.17
241017-112353,5.17
241017-132356,5.18
241017-152356,5.18
241018-065024,5.19
241018-083850,5.17
241018-103854,5.18
241018-123854,5.18
241018-143854,5.17
241020-112632,5.18
241020-211129,5.17
241020-221221,5.17
241020-221227,5.17
241021-084005,5.18
241021-091106,5.18
241021-091433,5.18
241021-111437,5.18
241021-121125,5.18
241021-141151,5.18
241021-161151,5.18
241021-181151,5.18
241021-203903,5.19
241021-205453,5.19
241021-225457,5.18
241022-074725,5.18
241022-092951,5.17
241022-101115,5.17
241022-103150,5.18
241022-123155,5.18
241022-143155,5.18
241022-152344,5.18
241023-083652,5.22
241023-103703,5.22
241023-112344,5.22
241023-114855,5.22
241023-115051,5.22
241023-135100,5.22
241023-155100,5.22
241024-081451,5.21
241024-085231,5.21
241024-105236,5.21
241024-125236,5.22
241025-000326,5.21
241025-020326,5.2
241025-040326,5.2
241025-060326,5.2
241025-103130,5.21
241025-111623,5.21
241025-122859,5.22
241025-142903,5.21
241026-194017,5.22
241026-203327,5.22
241026-210932,5.22
241026-211616,5.22
241026-212718,5.22
241026-213509,5.22
241026-222615,5.21
241028-081547,5.22
241028-082633,5.21
241028-093235,5.21
241028-103036,5.22
241028-104317,5.22
241028-124322,5.22
241028-134151,5.22
241028-143955,5.22
241028-194448,5.22
241029-085144,5.22
241029-085321,5.22
241029-090051,5.22
241029-103432,5.23
241029-120440,5.23
241029-141431,5.22
241029-143642,5.23
241029-213937,5.22
241029-214144,5.22
241030-080052,5.21
241030-100056,5.2
241030-103623,5.2
241030-122726,5.21
241030-142731,5.21
241030-155947,5.21
241030-191756,5.2
241030-193813,5.2
241030-194245,5.2
241031-075756,5.21
241031-091906,5.2
241031-094304,5.2
241031-114311,5.2
241031-134311,5.17
241031-191332,5.16
241031-191702,5.16
241031-192024,5.16
241031-192530,5.16
241031-211112,5.16
241101-083952,5.18
241101-093003,5.18
241101-095355,5.18
241101-113008,5.18
241101-133008,5.2
241101-135213,5.2
241101-135916,5.2
241101-155550,5.21
241101-161836,5.21
241101-193637,5.2
241101-213651,5.2
241102-212413,5.21
241103-101633,5.19
241103-180753,5.19
241103-181735,5.19
241103-201740,5.2
241103-221740,5.19
241104-075732,5.19
241104-095736,5.17
241104-102710,5.16
241104-122719,5.16
241104-142719,5.18
241104-145615,5.18
241104-154509,5.18
241104-171555,5.18
241104-172229,5.18
241104-172605,5.18
241104-173138,5.18
241104-173344,5.18
241104-173538,5.18
241104-173858,5.18
241104-175509,5.18
241104-175730,5.18
241104-181841,5.18
241104-182524,5.18
241104-200343,5.19
241104-213140,5.19
241105-092135,5.2
241105-112140,5.2
241105-132140,5.19
241105-152140,5.2
241105-172140,5.19
241105-192140,5.19
241105-212140,5.2
241106-082538,5.24
241106-082556,5.24
241106-082854,5.24
241106-102901,5.24
241106-110550,5.24
241106-122901,5.22
241106-135842,5.23
241106-142901,5.23
241106-203138,5.23
241106-220915,5.22
241107-091407,5.21
241107-111412,5.21
241107-122551,5.2
241107-142555,5.19
241107-222554,5.18
241108-002555,5.19
241108-003119,5.19
241108-091211,5.2
241108-111214,5.2
241108-131214,5.2
241108-151214,5.21
241108-171214,5.22
241108-191214,5.22
241108-211214,5.22
241108-231214,5.22
241109-011214,5.22
241109-031215,5.22
241109-051214,5.22
241109-071214,5.22
241109-091214,5.21
241109-111215,5.19
241109-112019,5.19
241109-112032,5.19
241109-140449,5.22
241109-153237,5.22
241109-161359,5.22
241110-230430,5.23
241111-083731,5.23
241111-110039,5.23
241111-120401,5.24
241111-121208,5.24
241111-204031,5.27
241111-224035,5.27
241112-081412,5.26
241112-201006,5.22
241112-215727,5.22
241113-005714,5.19
241113-082533,5.23
241113-100003,5.22
241114-073554,5.22
241114-083139,5.22
241114-094127,5.21
241114-162935,5.2
241115-205720,5.17
241115-214946,5.17
241116-000200,5.17
241116-113759,5.19
241116-121102,5.19
241116-141555,5.2
241116-151018,5.2
241116-161803,5.17
241116-161806,5.17
241116-182245,5.19
241116-182519,5.19
241116-191909,5.17
241116-211914,5.19
241116-223521,5.19
241116-230617,5.19
241116-233643,5.19
241117-013648,5.2
241118-092208,5.19
241118-095651,5.19
241118-103501,5.18
241118-104450,5.18
241118-104648,5.18
241118-114459,5.19
241118-133957,5.17
241118-154001,5.16
241118-154954,5.16
241118-224735,5.16
241119-004742,5.15
241119-101823,5.18
241119-121827,5.18
241119-130121,5.18
241119-150126,5.18
241119-170126,5.18
241119-190126,5.19
241119-210126,5.18
241120-095500,5.2
241120-115506,5.21
241120-135506,5.19
241120-155506,5.21
241120-204605,5.2
241120-212202,5.2
241120-232206,5.2
241121-091458,5.2
241121-092456,5.2
241121-112459,5.22
241121-120355,5.22
241121-121640,5.21
241121-141643,5.21
241121-161643,5.21
241121-162647,5.21
241121-221043,5.22
241121-235532,5.22
241122-110251,5.22
241122-130255,5.21
241122-133516,5.21
241122-163704,5.22
241122-231655,5.21
241123-214547,5.2
241123-231949,5.2
241124-114712,5.22
241124-115626,5.22
241124-135628,5.22
241124-155628,5.22
241124-194217,5.19
241124-214221,5.25
241125-084126,5.21
241125-102755,5.19
241125-110119,5.19
241125-130122,5.19
241125-150122,5.17
241125-225802,5.16
241126-005811,5.17
241126-025811,5.17
241126-045811,5.16
241126-065811,5.17
241126-085811,5.18
241126-105811,5.17
241126-125811,5.16
241126-145811,5.17
241126-165811,5.16
241127-000218,5.17
241127-102052,5.16
241127-122056,5.17
241127-142056,5.16
241127-162056,5.17
241127-182056,5.16
241127-202056,5.16
241127-222056,5.16
241128-002056,5.16
241128-004715,5.17
241128-024719,5.17
241128-044719,5.16
241128-064719,5.17
241128-084719,5.17
241130-161007,5.18
241130-181016,5.16
241201-000956,5.16
241201-190344,5.18
241201-205628,5.17
241201-224130,5.17
241202-080100,5.19
241202-090507,5.19
241202-110511,5.19
241202-115622,5.18
241202-135625,5.18
241202-155625,5.17
241202-175625,5.17
241202-195625,5.16
241202-215625,5.16
241202-224859,5.16
241202-231525,5.17
241203-011528,5.17
241203-031528,5.16
241203-051528,5.17
241203-071528,5.17
241203-091528,5.17
241203-111528,5.17
241203-131528,5.17
241203-152205,5.17
241204-110702,5.17
241204-110953,5.17
241204-111813,5.18
241204-131817,5.17
241204-151817,5.17
241204-171817,5.17
241204-191817,5.16
241204-211817,5.17
241204-231817,5.17
241205-011817,5.17
241205-031817,5.17
241205-051817,5.17
241205-071817,5.17
241205-091817,5.16
241205-111817,5.16
241205-131817,5.16
241205-151817,5.16
241205-171817,5.15
241205-191817,5.14
241205-211817,5.14
241205-231817,5.14
241206-125243,5.15
241206-125303,5.15
241206-145307,5.15
241206-165307,5.14
241206-185307,5.15
241206-205307,5.15
241206-225307,5.14
241207-005307,5.14
241207-025307,5.16
241207-045307,5.15
241207-065307,5.16
241207-085307,5.16
241207-105307,5.15
241207-125307,5.15
241207-145307,5.16
241207-165307,5.16
241207-185307,5.15
241207-205307,5.15
241207-225307,5.15
241208-005307,5.15
241208-025307,5.15
241208-045307,5.14
241208-065307,5.15
241208-085307,5.15
241208-105307,5.15
241208-125307,5.15
241208-145307,5.15
241208-165307,5.15
241208-185307,5.16
241208-205307,5.16
241208-225307,5.15
241209-093055,5.18
241209-115733,5.14
241209-152527,5.14
241209-152809,5.14
241209-165708,5.14
241210-094326,5.15
241210-095823,5.15
241210-100033,5.15
241210-122224,5.17
241210-142224,5.17
241210-175630,5.17
241210-231828,5.17
241211-011831,5.16
241211-095253,5.18
241211-114316,5.17
241211-134320,5.17
241211-154320,5.18
241211-174320,5.18
241211-184048,5.19
241211-184424,5.19
241211-225140,5.19
241212-005143,5.19
241212-104413,5.19
241212-124418,5.19
241212-150455,5.19
241212-170455,5.16
241212-190455,5.17
241213-094951,5.16
241213-102628,5.15
241213-113405,5.15
241213-133408,5.14
241213-153515,5.14
241213-173520,5.13
241214-174510,5.14
241214-203900,5.14
241214-214218,5.14
241214-215236,5.14
241214-235239,5.14
241215-015239,5.12
241215-175137,5.14
241215-195140,5.11
241215-215140,5.14
241216-093759,5.12
241216-100336,5.12
241216-120340,5.13
241216-125855,5.14
241216-131830,5.14
241216-151834,5.14
241216-171834,5.14
241216-191834,5.14
241216-211834,5.14
241216-231834,5.13
241217-011834,5.14
241217-112213,5.15
241217-132220,5.16
241217-152220,5.15
241217-172220,5.16
241217-182805,5.16
241217-202808,5.17
241217-222808,5.17
241218-002808,5.17
241218-022808,5.17
241218-042808,5.16
241218-062808,5.16
241218-082808,5.16
241218-102808,5.15
241218-122808,5.16
241218-131336,5.16
241218-151346,5.16
241218-171346,5.16
241218-191346,5.17
241218-211346,5.17
241218-231346,5.18
241219-011346,5.18
241219-094444,5.18
241219-114448,5.18
241219-134448,5.14
241219-154448,5.15
241219-174448,5.15
241219-190259,5.14
241219-210303,5.14
241219-230303,5.13
241220-010303,5.14
241220-030303,5.13
241220-050303,5.13
241220-070303,5.13
241220-090303,5.12
241220-110303,5.12
241220-130303,5.13
241220-150303,5.14
241223-101204,5.13
241223-121217,5.15
241223-141217,5.15
241223-161217,5.15
241223-162616,5.15
241224-185314,5.13
241224-234207,5.15
241225-155238,5.15
241225-175241,5.13
241225-195241,5.19
241225-215241,5.12
241225-235241,5.15
241226-123040,5.14
241226-220939,5.12
241227-000941,5.13
241227-103923,5.14
241227-123926,5.14
241227-143824,5.15
241227-160354,5.15
241227-180357,5.15
241227-200357,5.14
241227-220357,5.15
241228-000357,5.14
241228-140331,5.15
241229-090140,5.14
241229-111520,5.15
241229-170315,5.16
241229-190318,5.15
241229-210318,5.14
241229-230318,5.15
241230-160427,5.15
241230-180427,5.15
241231-112027,5.15
250102-103219,5.15
250102-104151,5.15
250102-124157,5.14
250102-144157,5.14
250102-164157,5.14
250102-184157,5.15
250102-204157,5.15
250102-224157,5.16
250103-102612,5.15
250103-122615,5.15
250103-142615,5.15
250103-162615,5.14
250103-194458,5.15
250103-213541,5.15
250103-231950,5.14
250104-011953,5.15
250104-130028,5.15
250104-150032,5.14
250104-170032,5.14
250104-190032,5.14
250104-220330,5.14
250105-000334,5.14
250105-122430,5.15
250105-142434,5.14
250105-163130,5.14
250105-180951,5.14
