220831-110649,4.7129
220831-110733,4.71
220831-110817,4.71
220831-110855,4.71
220831-111029,4.71
220831-111252,4.73
220831-111313,4.73
220831-112607,4.73
220831-114635,4.73
220831-114657,4.73
220831-114726,4.73
220831-114800,4.73
220831-124700,4.74
220831-124952,4.74
220831-125000,4.74
220831-125016,4.74
220831-125042,4.74
220831-144123,4.73
220831-154700,4.71
220831-164124,4.71
220831-184123,4.7
220901-095811,4.7
220901-100014,4.7
220901-102552,4.7
220901-103322,4.7
220901-103426,4.7
220901-103730,4.69
220901-122726,4.7
220901-124523,4.7
220901-160912,4.72
220902-030222,4.7
220902-033212,4.7
220902-094045,4.72
220902-124048,4.73
220902-142627,4.71
220902-142650,4.71
220902-142735,4.71
220902-142745,4.71
220902-171047,4.69
220902-172329,4.69
220902-210222,4.74
220902-222708,4.74
220910-223325,4.67
220910-224123,4.67
220911-003320,4.67
220911-004124,4.67
220911-150942,4.66
220911-151526,4.66
220911-163320,4.67
220911-164124,4.67
220911-171529,4.67
220911-183325,4.67
220911-184132,4.67
220911-191536,4.67
220911-220123,4.67
220911-223320,4.67
220911-224123,4.67
220912-094126,4.66
220912-124132,4.62
220916-124337,4.74
220916-124936,4.74
220916-153845,4.73
220916-154440,4.73
220916-163320,4.72
220916-164123,4.72
220916-164928,4.72
220916-171525,4.71
220916-174440,4.71
220916-175514,4.71
220916-183323,4.72
220916-184124,4.72
220916-184937,4.72
220916-191541,4.72
220916-194445,4.72
220921-103535,4.8
220921-103611,4.8
220921-103720,4.8
220921-103734,4.8
220921-103805,4.8
220921-103827,4.8
220921-103849,4.8
220921-104453,4.8
220921-104959,4.8
220921-124148,4.79
220921-134601,4.79
220921-144032,4.8
220921-144124,4.8
220921-154044,4.8
220921-184046,4.83
220921-214046,4.82
220922-004048,4.85
220922-034048,4.78
220922-064049,4.86
220922-094048,4.87
220922-132653,4.83
220922-144123,4.82
220922-164124,4.84
220922-184125,4.84
220923-120654,4.87
220923-124124,4.88
220923-125621,4.88
220923-155620,4.88
220923-185620,4.88
220923-215620,4.92
220924-005620,4.9
220924-093050,4.89
220925-163344,4.91
220925-205657,4.91
220925-221519,4.91
220925-222404,4.91
220925-224130,4.91
220926-011524,4.88
220926-041524,4.94
220926-102404,4.94
220926-104124,4.92
220926-121309,4.93
220926-121610,4.93
220926-121747,4.93
220926-122403,4.93
220926-144750,4.93
220926-145335,4.93
220926-151750,4.92
220926-162405,4.95
220926-164127,4.91
220926-165336,4.91
220926-182403,4.94
220926-202403,4.95
220926-204147,4.95
220927-095734,4.93
220927-111337,4.94
220927-141340,4.94
220927-194501,5.0
220927-195039,5.0
220927-201340,5.0
220927-202402,5.0
220927-204123,5.0
220927-212434,4.99
220927-215039,4.99
220927-231340,4.99
220928-021340,4.99
220928-051340,5.02
220928-081340,5.01
220927-171340,4.96
220928-111340,5.04
220928-115041,5.06
220928-122403,5.04
220928-141340,5.03
220928-171340,5.01
220928-172256,5.01
220928-175052,5.0
220928-182408,4.98
220928-184127,4.95
220928-185340,4.95
220928-192303,4.96
220928-195043,4.93
220928-202412,4.94
220928-204130,4.94
220928-205337,4.94
220928-212303,4.93
220929-084832,4.99
220929-114846,5.03
220929-132304,5.03
220929-162309,4.99
220929-185317,4.97
220929-205319,4.96
220930-072700,4.95
220930-072821,4.95
220930-091315,4.95
220930-103706,4.93
220930-133709,4.96
220930-172806,4.94
221001-153838,4.95
221001-165319,4.95
221001-173841,4.95
221001-220040,4.95
221001-220258,4.95
221002-120848,4.95
221002-122907,4.95
221002-123535,4.95
221002-143732,4.95
221002-185315,4.96
221002-185405,4.96
221002-193841,4.96
221002-205316,4.96
221002-205359,4.96
221002-213838,4.96
221002-225315,4.96
221002-225358,4.96
221002-233837,4.95
221003-095849,4.93
221003-125853,4.92
221003-135042,4.95
221003-135136,4.95
221003-230313,4.91
221004-092339,4.88
221004-094037,4.91
221004-094454,4.91
221004-100031,4.91
221004-130034,4.86
221004-155023,4.91
221004-160034,4.91
221004-165320,4.83
221004-173842,4.83
221004-175010,4.83
221004-200229,4.83
221004-215433,4.82
221005-100053,4.83
221005-130057,4.84
221005-144123,4.85
221005-160057,4.85
221005-164124,4.91
221006-093628,4.86
221006-123634,4.9
221006-153633,4.94
221006-171723,4.96
221006-223709,4.99
221006-235813,4.99
221007-005926,4.99
221007-010856,4.99
221007-012256,4.99
221007-021710,4.99
221007-100010,4.99
221007-130014,4.96
221007-170000,4.96
221007-182512,4.97
221007-182929,4.97
221007-184124,4.97
221007-202930,4.98
221007-204126,4.98
221007-212516,4.99
221008-002516,4.99
221008-032517,4.95
221008-062515,4.99
221008-092516,4.99
221008-122516,4.99
221008-152515,4.96
221008-182515,4.99
221010-124028,5.02
221010-154027,5.02
221011-093219,5.02
221011-093754,5.02
221011-123757,5.02
221011-153757,5.01
221011-205945,4.98
221011-235948,4.99
221012-094703,4.99
221012-115335,5.0
221012-133421,5.0
221012-163424,5.0
221012-193424,5.0
221012-223424,5.0
221013-083404,4.99
221013-121522,4.99
221013-135415,4.97
221013-145620,4.96
221013-164544,4.99
221013-171441,4.97
221013-181734,4.92
221013-183021,4.92
221013-213802,4.91
221014-094817,4.91
221014-120926,4.96
221014-125934,4.96
221014-155947,4.97
221014-173138,4.94
221015-214756,4.94
221016-105223,4.94
221016-135227,4.96
221016-165227,4.94
221016-183017,4.94
221016-185754,4.94
221017-081543,4.96
221017-111548,4.94
221017-115451,4.95
221017-145454,4.97
221017-172442,4.88
221017-183159,4.88
221017-200223,4.88
221017-230229,4.87
221018-020228,4.94
221018-050228,4.87
221018-080228,4.87
221018-110228,4.9
221018-140228,4.87
221018-162235,4.86
221018-192241,4.86
221018-200223,4.86
221018-230429,4.85
221019-085723,4.88
221019-115730,4.89
221019-145730,4.87
221019-224257,4.92
221020-085855,4.91
221020-115900,4.9
221020-145900,4.92
221020-175900,4.85
221020-223048,4.87
221020-235212,4.88
221021-082729,4.88
221021-082928,4.88
221021-100638,4.89
221021-104241,4.9
221021-125036,4.91
221021-140209,4.9
221021-140659,4.9
221021-180254,4.85
221021-181409,4.85
221021-205700,4.84
221022-191229,4.84
221022-202825,4.84
221023-101058,4.84
221024-084523,4.85
221024-092036,4.85
221024-093249,4.85
221024-123254,4.88
221024-153254,4.85
221024-172400,4.84
221024-193836,4.85
221024-194420,4.85
221025-083601,4.85
221025-113606,4.85
221025-143606,4.85
221026-084934,4.79
221026-135647,4.75
221027-083035,4.71
221027-090657,4.71
221027-120702,4.72
221028-145714,4.73
221028-175714,4.74
221028-212004,4.74
221029-002053,4.73
221030-140255,4.73
221030-170255,4.73
221030-193002,4.73
221031-081639,4.75
221031-111644,4.75
221031-135324,4.74
221031-173307,4.78
221031-235450,4.77
221101-001740,4.77
221102-100652,4.75
221102-101114,4.75
221102-103138,4.74
221102-103821,4.74
221102-103947,4.74
221102-103954,4.74
221102-104013,4.74
221102-104346,4.74
221102-111724,4.75
221102-141730,4.76
221103-104629,4.83
221103-134634,4.82
221103-164634,4.82
221104-003952,4.84
221104-004249,4.84
221104-085650,4.79
221104-085938,4.79
221104-101708,4.79
221104-120226,4.78
221104-120730,4.78
221104-150733,4.72
221104-154247,4.73
221104-155655,4.73
221105-014624,4.79
221105-044643,4.71
221105-175333,4.7
221105-175654,4.7
221105-195812,4.7
221105-200515,4.7
221105-235037,4.7
221106-214355,4.73
221107-072942,4.71
221107-073229,4.71
221107-101415,4.69
221107-101644,4.69
221107-102017,4.69
221107-102222,4.69
221107-111724,4.7
221107-111949,4.7
221107-141953,4.7
221107-171953,4.67
221108-083951,4.69
221108-102910,4.69
221108-103446,4.69
221108-103908,4.69
221108-133911,4.67
221109-085811,4.66
221109-093732,4.68
221109-123745,4.68
221109-153406,4.67
221109-154746,4.67
221110-091237,4.72
221110-101259,4.73
221110-131306,4.73
221110-161306,4.61
221110-163052,4.62
221110-173359,4.62
221114-104702,4.56
221114-105719,4.56
221114-115446,4.56
221114-120015,4.56
221114-122509,4.57
221114-122759,4.57
221114-152805,4.56
221114-182803,4.56
221114-212803,4.56
221115-090054,4.52
221115-094843,4.52
221115-154847,4.52
221116-090036,4.53
221116-120040,4.52
221116-135251,4.52
221116-140553,4.52
221116-153002,4.53
221116-162901,4.5
221116-164540,4.5
221116-172941,4.51
221116-223250,4.51
221117-085812,4.51
221117-110419,4.53
221117-110711,4.53
221117-140714,4.55
221117-141731,4.55
221117-163122,4.56
221117-163433,4.56
221117-173925,4.55
221117-175222,4.55
221117-183018,4.54
221117-190250,4.54
221117-212056,4.54
221118-090105,4.54
221118-094812,4.54
221118-100806,4.53
221118-111158,4.53
221118-120803,4.54
221118-123042,4.53
221118-153046,4.55
221119-104954,4.53
221120-105858,4.53
221120-214850,4.55
221120-225617,4.55
221121-085914,4.59
221121-115933,4.59
221121-120050,4.59
221121-120134,4.59
221121-120208,4.59
221121-145933,4.59
221122-085801,4.59
221122-115810,4.58
221122-155501,4.58
221124-002855,4.51
221124-114723,4.52
221124-121829,4.52
221125-092850,4.51
221125-095501,4.51
221125-101556,4.51
221125-102139,4.51
221125-102510,4.51
221125-222529,4.5
221126-111818,4.51
221126-112745,4.51
221127-084435,4.51
221128-083410,4.51
221128-143415,4.48
221128-212724,4.53
221128-213818,4.53
221128-214339,4.53
221129-101321,4.52
221129-101813,4.52
221129-131816,4.51
221129-161816,4.51
221129-173752,4.52
221130-104929,4.5
221130-133149,4.5
221130-142354,4.51
221130-142704,4.51
221130-144459,4.51
221130-201518,4.49
221201-085832,4.49
221201-095021,4.5
221201-114101,4.51
221201-144229,4.47
221201-160335,4.47
221203-012453,4.43
221203-020040,4.45
221203-020500,4.45
221203-022430,4.45
221203-023638,4.45
221203-040823,4.45
221203-120050,4.45
221203-134007,4.44
221203-164010,4.43
221203-194010,4.43
221203-224010,4.43
221204-014010,4.43
221204-112733,4.44
221204-174730,4.44
221204-175643,4.44
221204-182041,4.44
221204-182103,4.44
221204-182153,4.44
221204-182518,4.44
221204-182556,4.44
221204-182612,4.44
221204-182626,4.44
221204-182636,4.44
221204-182716,4.44
221204-182800,4.44
221204-182829,4.44
221204-182838,4.44
221204-182850,4.44
221204-182855,4.44
221204-182922,4.44
221204-190204,4.44
221205-003104,4.43
221205-085743,4.43
221205-115747,4.46
221205-145747,4.44
221205-174721,4.47
221205-232114,4.49
221206-010050,4.49
221206-094024,4.48
221206-113703,4.47
221206-143706,4.46
221206-160845,4.46
221206-182506,4.48
221206-212509,4.48
221207-002509,4.48
221207-090013,4.49
221207-120017,4.47
221207-140543,4.47
221207-140655,4.47
221207-144944,4.46
221207-173505,4.47
221208-032840,4.47
221208-100445,4.45
221208-112956,4.47
221208-142958,4.45
221208-173000,4.44
221208-175652,4.44
221208-205652,4.43
221208-235656,4.44
221209-025656,4.42
221209-055652,4.43
221209-085652,4.43
221209-100208,4.43
221209-130212,4.43
221209-160210,4.45
221209-180603,4.45
221210-124008,4.44
221210-130422,4.44
221210-141132,4.45
221210-141358,4.45
221213-235658,4.41
221213-235755,4.41
221213-235836,4.41
221214-010631,4.41
221214-024005,4.41
221214-100214,4.41
221214-123114,4.39
221214-130051,4.39
221214-131052,4.39
221214-154537,4.4
221215-122251,4.41
221215-163543,4.4
221215-214931,4.41
221215-233451,4.42
221215-234135,4.42
221216-123127,4.41
221216-123652,4.41
221218-143159,4.43
221218-172718,4.43
221218-190301,4.43
221218-191008,4.43
221218-221015,4.43
221219-080054,4.41
221219-083713,4.4
221219-084803,4.4
221219-114809,4.42
221219-142428,4.42
221219-212823,4.42
221219-223742,4.42
221219-231906,4.42
221220-000803,4.42
221222-224635,4.38
221222-230627,4.38
221223-232251,4.37
221227-182011,4.4
221227-192259,4.41
221227-202011,4.4
221227-212251,4.4
221229-131620,4.41
221229-132250,4.41
221229-142012,4.4
221229-144123,4.4
221229-151621,4.39
221229-152249,4.39
230102-121235,4.38
230102-122012,4.38
230102-124124,4.37
230102-130408,4.37
230102-131619,4.38
230102-132250,4.38
230102-142011,4.38
230102-144123,4.38
230108-202000,4.41
230108-202008,4.41
230108-204315,4.41
230108-221408,4.41
230108-233031,4.41
230108-234025,4.41
230109-091103,4.4
230109-120225,4.39
230109-121551,4.39
230109-151556,4.37
230109-165835,4.37
230109-175749,4.39
230109-201150,4.37
230109-202534,4.37
230109-232537,4.37
230110-083617,4.38
230110-095137,4.37
230110-120729,4.37
230110-125904,4.37
230110-212901,4.37
230111-002905,4.36
230111-093215,4.36
230111-122658,4.35
230111-130303,4.35
230111-151149,4.35
230111-181154,4.36
230111-191200,4.36
230111-214722,4.36
230112-004733,4.35
230112-034733,4.35
230112-064733,4.35
230112-094733,4.36
230112-111648,4.36
230112-113426,4.36
230112-120111,4.36
230112-141034,4.36
230112-171039,4.35
230112-174956,4.36
230112-193930,4.32
230112-223934,4.33
230112-224422,4.33
230113-004853,4.32
230113-105105,4.33
230113-124337,4.33
230113-124659,4.33
230113-124914,4.33
230113-125525,4.34
230113-125751,4.34
230113-130401,4.34
230113-155530,4.34
230113-163949,4.33
230113-225251,4.33
230115-230128,4.33
230115-232037,4.33
230115-234031,4.33
230116-091534,4.33
230116-121538,4.34
230116-151538,4.33
230116-181538,4.34
230116-205803,4.34
230117-100123,4.33
230117-120121,4.35
230117-142243,4.33
230117-154635,4.32
230117-160429,4.32
230118-102613,4.34
230118-132618,4.34
230118-133124,4.34
230118-133204,4.34
230118-133335,4.34
230118-162617,4.33
230118-170739,4.34
230118-180056,4.35
230118-185935,4.36
230118-200019,4.37
230118-200326,4.37
230119-135338,4.35
230119-150751,4.39
230119-161349,4.36
230119-162052,4.36
230119-182007,4.38
230119-182622,4.38
230120-170928,4.35
230120-173102,4.34
230121-141722,4.26
230121-204545,4.21
230121-234547,4.27
230122-212537,4.33
230122-221220,4.33
230123-110111,4.33
230123-115017,4.33
230123-120026,4.33
230123-134359,4.33
230123-140001,4.33
230123-153854,4.34
230123-154318,4.34
230123-161023,4.34
230123-212117,4.33
230123-214225,4.33
230124-004228,4.33
230124-102130,4.33
230124-114146,4.33
230124-144149,4.34
230124-171233,4.34
230124-172041,4.34
230124-193946,4.33
230124-223002,4.33
230124-232234,4.32
230124-233551,4.32
230125-001156,4.32
230125-003555,4.33
230125-095422,4.33
230125-123822,4.34
230125-124902,4.34
230125-125115,4.34
230125-125512,4.34
230125-125853,4.34
230125-130240,4.34
230125-141625,4.34
230125-142530,4.34
230125-143107,4.34
230125-152648,4.34
230125-153210,4.34
230125-155742,4.33
230125-160302,4.33
230125-171839,4.33
230125-192752,4.32
230126-100050,4.33
230126-130054,4.33
230126-145844,4.33
230126-175847,4.34
230126-205847,4.33
230126-235847,4.32
230127-025847,4.33
230127-055847,4.33
230127-085847,4.33
230127-115847,4.32
230127-132100,4.33
230127-151738,4.33
230128-211444,4.34
230129-002751,4.34
230130-092322,4.32
230130-122328,4.32
230130-152925,4.32
230130-153640,4.32
230131-101329,4.36
230131-131333,4.35
230131-133627,4.35
230131-134051,4.35
230131-153217,4.34
230131-154338,4.34
230131-162855,4.34
230131-163959,4.34
230131-164519,4.34
230201-092554,4.33
230201-100851,4.33
230201-102220,4.33
230201-125518,4.32
230201-132809,4.32
230201-133457,4.32
230201-145643,4.32
230201-150449,4.32
230201-183226,4.31
230202-092345,4.28
230202-100953,4.28
230205-143716,4.37
230205-144122,4.37
230205-154816,4.37
230205-154908,4.37
230205-154933,4.37
230205-155023,4.37
230205-155036,4.37
230205-155105,4.37
230205-1556,4.37
230205-1557,4.37
230205-1557,4.37
230205-1558,4.37
230206-120145,4.38
230206-144123,4.37
230206-164124,4.41
230206-184124,4.43
230207-102312,4.43
230207-124124,4.44
230207-144123,4.45
230207-165413,4.46
230209-103903,4.4
230209-104825,4.4
230209-112642,4.4
230209-113757,4.4
230210-110618,4.44
230210-121006,4.46
230210-155332,4.47
230210-220333,4.47
230212-161552,4.47
230212-173225,4.47
230212-175048,4.47
230213-121353,4.48
230213-155055,4.49
230215-094413,4.45
230215-104349,4.44
230215-112720,4.44
230215-174313,4.45
230216-100105,4.45
230217-112740,4.49
230217-141131,4.5
230217-171626,4.47
230218-002750,4.45
230218-101732,4.45
230218-201911,4.45
230218-220504,4.45
230219-003159,4.45
230220-144051,4.44
230221-100348,4.45
230221-105120,4.45
230221-210235,4.46
230222-161857,4.46
230222-224047,4.48
230223-115321,4.48
230224-201953,4.47
230227-222647,4.44
230228-115156,4.45
230228-120343,4.44
230301-111733,4.41
230301-223936,4.38
230302-102934,4.41
230302-134340,4.42
230302-162605,4.43
230302-210952,4.44
230302-225954,4.43
230303-141841,4.44
230303-154501,4.44
230304-102628,4.43
230304-213357,4.43
230305-221126,4.43
230306-122755,4.43
230306-123108,4.43
230306-163344,4.39
230307-003619,4.42
230307-003631,4.42
230307-102848,4.39
230307-234213,4.44
230308-124448,4.45
230308-143832,4.44
230308-205103,4.44
230309-122826,4.43
230309-224045,4.43
230310-102847,4.42
230311-131300,4.4
230311-221933,4.4
230312-213953,4.38
230313-111942,4.4
230313-112146,4.4
230313-142845,4.37
230313-152532,4.37
230313-222542,4.36
230314-102910,4.38
230314-224933,4.38
230315-203845,4.44
230316-115440,4.43
230316-221418,4.43
230317-104100,4.42
230318-225957,4.41
230319-135451,4.41
230319-210228,4.4
230319-215808,4.4
230320-003502,4.42
230320-141026,4.38
230320-213642,4.39
230321-224257,4.35
230322-131934,4.34
230323-123409,4.3
230323-221244,4.32
230324-010609,4.3
230324-012144,4.3
230324-170529,4.36
230325-180013,4.36
230325-202052,4.36
230326-211221,4.34
230327-121328,4.35
230327-121540,4.35
230328-122321,4.32
230328-223147,4.31
230329-092557,4.32
230330-132350,4.3
230330-213325,4.29
230331-140842,4.29
230331-232802,4.31
230401-001746,4.31
230401-094236,4.32
230402-113103,4.29
230404-103947,4.28
230405-200312,4.3
230405-214421,4.3
230406-104456,4.3
230406-203224,4.28
230406-213238,4.29
230406-220040,4.29
230406-224606,4.29
230407-123749,4.29
230407-130502,4.29
230407-203551,4.29
230407-212539,4.29
230407-221707,4.28
230407-224010,4.28
230407-230514,4.28
230407-230750,4.28
230408-101340,4.29
230410-201541,4.32
230410-210558,4.32
230411-110037,4.29
230412-111832,4.27
230412-172301,4.24
230413-133703,4.21
230414-172111,4.22
230414-221653,4.22
230415-132440,4.21
230415-154540,4.22
230415-223115,4.22
230416-104622,4.22
230416-153259,4.22
230416-231804,4.22
230417-114359,4.22
230417-211002,4.24
230418-115103,4.21
230419-133438,4.23
230419-141140,4.24
230420-162035,4.19
230421-152005,4.19
230422-104846,4.2
230422-110105,4.2
230423-214751,4.19
230424-093626,4.2
230424-104241,4.19
230424-223611,4.16
230425-091342,4.16
230425-202214,4.19
230425-202341,4.19
230425-202712,4.19
230425-203409,4.19
230425-203441,4.19
230425-203906,4.19
230425-203950,4.19
230425-204040,4.19
230425-204942,4.19
230425-205322,4.19
230425-205351,4.19
230425-205601,4.19
230425-210033,4.19
230425-223416,4.19
230426-005358,4.18
230426-095739,4.17
230426-192832,4.15
230427-085823,4.14
230427-105955,4.15
230427-114228,4.15
230427-152241,4.17
230428-103424,4.17
230428-141040,4.17
230503-184230,4.15
230504-091321,4.14
230504-105309,4.15
230504-151155,4.16
230505-095105,4.15
230505-110132,4.16
230505-115707,4.16
230506-121329,4.15
230506-121405,4.15
230507-173818,4.15
230507-191456,4.15
230508-082657,4.14
230509-104024,4.16
230509-152859,4.17
230510-091923,4.14
230510-094624,4.14
230511-094057,4.14
230511-200423,4.16
230512-115826,4.16
230513-104531,4.17
230513-182145,4.16
230514-112004,4.17
230514-212313,4.16
230515-133526,4.15
230515-202607,4.14
230515-214841,4.14
230515-214942,4.14
230516-082314,4.15
230516-115113,4.12
230516-214331,4.13
230517-084736,4.14
230517-112602,4.15
230517-112830,4.15
230517-113608,4.15
230517-210329,4.17
230518-103751,4.19
230522-133815,4.17
230522-133945,4.17
230522-134457,4.17
230522-141028,4.18
230522-145917,4.17
230522-211211,4.16
230523-112936,4.17
230523-182950,4.17
230524-102229,4.15
230524-150006,4.17
230524-220415,4.19
230524-220527,4.19
230524-220931,4.19
230524-231458,4.19
230524-231926,4.19
230525-094648,4.21
230525-130324,4.2
230525-130645,4.2
230525-131016,4.2
230525-131224,4.2
230525-132004,4.2
230525-133726,4.2
230525-141219,4.2
230525-150302,4.21
230525-155015,4.2
230526-093537,4.2
230526-104830,4.21
230528-221539,4.22
230529-113616,4.23
230529-113822,4.23
230529-200225,4.22
230530-102441,4.23
230530-214149,4.23
230531-110153,4.26
230531-184059,4.26
230531-201058,4.24
230601-091726,4.24
230601-104437,4.25
230601-110712,4.24
230601-125901,4.24
230601-130625,4.24
230601-134030,4.24
230601-222131,4.2
230602-111138,4.19
230602-141210,4.18
230602-163902,4.18
230604-165222,4.19
230605-101054,4.2
230606-002642,4.17
230606-112549,4.2
230606-123515,4.2
230607-102930,4.18
230612-221353,4.13
230613-103834,4.14
230613-153124,4.14
230613-174054,4.15
230613-225822,4.15
230614-102809,4.14
230614-161906,4.1
230615-100411,4.12
230615-115349,4.12
230615-163115,4.1
230616-110413,4.07
230616-135638,4.08
230617-150650,4.08
230618-223923,4.08
230619-101805,4.07
230619-235655,4.07
230620-101313,4.06
230620-142627,4.07
230620-182210,4.08
230620-214231,4.07
230620-214811,4.07
230621-114335,4.07
230621-153458,4.07
230621-184739,4.05
230621-233421,4.04
230622-112318,4.03
230623-094430,4.05
230623-094430,4.05
230623-130106,4.03
230625-194642,4.07
230626-104657,4.07
230626-143917,4.06
230626-223237,4.07
230627-114535,4.05
230628-110839,4.07
230629-101657,4.09
230629-102327,4.09
230630-105726,4.1
230703-103349,4.08
230703-234945,4.07
230704-115916,4.06
230704-123448,4.06
230704-235932,4.08
230705-100339,4.07
230705-150125,4.09
230705-192821,4.11
230706-103823,4.13
230707-001533,4.12
230707-110323,4.12
230708-113114,4.06
230708-130622,4.12
230710-131024,4.06
230710-145419,4.07
230710-175622,4.05
230711-093154,4.03
230711-111312,4.04
230711-114625,4.04
230711-141912,4.05
230711-151655,4.06
230711-153343,4.05
230711-164710,4.05
230712-125040,4.04
230712-152925,4.01
230712-162025,4.0
230712-191529,3.99
230713-100206,3.98
230713-113807,3.98
230713-114133,3.98
230713-125052,3.97
230714-095501,3.98
230714-104439,3.97
230714-110303,3.96
230714-121358,3.97
230714-124550,3.97
230714-145917,3.96
230714-163410,3.97
230714-163934,3.97
230714-165659,3.97
230714-174453,3.96
230716-165318,3.97
230716-174955,3.96
230716-215432,3.96
230717-181550,3.96
230718-161323,3.96
230719-095458,3.95
230719-135536,3.97
230719-152128,3.96
230720-123204,3.97
230720-124623,3.97
230720-215510,4.0
230720-225013,4.0
230721-094244,4.0
230722-121317,4.01
230723-014644,4.01
230723-093143,4.01
230723-193638,4.01
230724-104906,4.02
230724-151810,4.01
230725-094454,4.02
230725-213659,4.01
230726-115015,4.0
230726-161146,4.01
230726-195634,4.0
230726-204306,4.0
230727-110216,3.97
230727-124506,3.97
230728-104708,4.04
230728-193205,4.0
230729-134255,4.04
230729-223831,4.0
230731-112153,4.0
230731-120327,4.0
230801-094743,4.01
230801-154623,4.04
230801-193129,4.05
230802-102019,4.04
230803-094358,4.07
230804-103203,4.07
230804-115124,4.06
230806-205001,4.03
230807-114415,4.03
230807-205019,4.02
230809-085740,4.06
230809-220744,4.06
230810-101431,4.06
230811-092129,4.05
230817-094439,4.11
230817-214120,4.11
230818-092354,4.11
230820-213512,4.1
230821-112719,4.11
230821-113831,4.11
230821-113901,4.11
230821-222518,4.11
230822-101719,4.08
230822-142800,4.1
230822-204339,4.11
230822-224501,4.12
230823-093508,4.11
230824-101524,4.12
230824-183601,4.14
230825-100205,4.15
230826-105804,4.14
230827-004753,4.13
230827-114425,4.13
230827-175407,4.13
230828-103637,4.14
230828-235336,4.13
230829-000110,4.13
230829-000725,4.13
230829-001748,4.12
230829-004611,4.12
230829-011254,4.13
230829-095958,4.13
230829-135113,4.13
230829-163348,4.12
230829-171129,4.13
230829-222359,4.1
230829-231509,4.11
230829-234313,4.11
230830-105533,4.12
230830-112658,4.11
230830-135723,4.11
230830-170245,4.08
230830-171622,4.09
230830-172938,4.09
230830-184705,4.09
230830-191117,4.09
230830-192209,4.09
230830-192433,4.09
230830-193047,4.09
230830-193310,4.09
230830-211511,4.09
230831-000637,4.09
230831-002518,4.08
230831-103909,4.1
230831-130933,4.11
230831-132933,4.11
230831-133953,4.11
230901-105135,4.12
230903-223204,4.15
230904-103020,4.13
230904-130355,4.13
230904-162300,4.14
230904-210852,4.14
230905-115400,4.17
230905-174616,4.2
230905-222018,4.19
230906-203727,4.25
230907-105540,4.29
230907-171310,4.31
230907-234150,4.32
230908-111033,4.29
230909-215528,4.31
230911-100935,4.29
230911-103026,4.31
230911-121915,4.32
230911-215244,4.31
230912-233721,4.33
230913-103823,4.34
230926-004825,4.35
230926-004825,4.35
230926-104112,4.35
230926-113056,4.35
230926-132815,4.35
230926-132954,4.35
230926-140132,4.35
230926-145852,4.35
230926-161417,4.34
230926-163518,4.35
230926-234037,4.36
230927-114144,4.36
230927-163053,4.41
230928-090523,4.4
230928-092126,4.4
230928-095800,4.41
230928-221039,4.39
230930-003554,4.38
231003-184601,4.42
231004-101930,4.42
231004-201622,4.39
231005-100634,4.36
231006-094727,4.36
231007-225939,4.33
231009-225735,4.32
231010-105141,4.31
231010-161956,4.28
231011-151444,4.26
231012-110153,4.26
231012-222906,4.31
231013-103614,4.3
231013-144906,4.3
231013-171646,4.31
231014-120502,4.31
231015-114901,4.31
231016-093843,4.26
231017-104207,4.21
231018-134732,4.21
231018-230846,4.23
231019-110013,4.23
231019-152735,4.21
231019-201025,4.2
231020-105500,4.21
231020-170109,4.21
231020-211355,4.21
231021-142920,4.21
231021-181921,4.21
231022-112016,4.21
231022-175212,4.21
231023-101723,4.22
231023-203245,4.18
231024-101300,4.18
231024-172622,4.21
231025-121451,4.24
231026-022728,4.23
231026-105911,4.24
231026-150950,4.23
231026-211319,4.22
231027-104305,4.23
231027-233300,4.23
231028-192015,4.22
231029-141958,4.22
231029-151212,4.22
231029-215732,4.22
231030-121200,4.22
231030-215606,4.19
231031-105341,4.18
231102-104531,4.2
231102-213120,4.19
231103-105956,4.19
231106-104245,4.15
231107-103733,4.16
231108-094426,4.18
231108-113128,4.18
231108-232433,4.14
231109-085615,4.15
231109-150018,4.15
231110-113212,4.13
231111-114620,4.14
231111-132500,4.14
231111-161908,4.14
231112-162900,4.14
231113-102319,4.15
231114-104614,4.12
231115-103144,4.12
231115-104409,4.12
231115-104608,4.12
231115-205827,4.05
231116-100012,4.04
231116-125917,4.03
231116-222447,4.02
231117-112033,4.03
231117-115352,4.03
231117-133007,4.02
231118-231852,4.02
231121-112704,3.98
231121-112723,3.98
231121-113435,3.98
231121-155458,4.0
231121-190226,4.01
231121-191925,4.01
231122-114800,4.01
231122-201439,4.01
231123-100107,4.0
231123-111323,4.02
231123-123958,4.0
231124-143421,3.99
231125-203709,3.99
231125-230830,3.99
231126-235530,3.99
231127-121333,3.98
231127-232107,3.97
231128-100913,3.97
231128-121437,3.97
231128-135216,3.96
231128-153224,3.95
231129-152354,3.95
231130-085838,3.98
231130-125230,3.98
231130-192555,4.0
231201-104625,3.98
231201-124628,3.99
231202-224306,3.97
231204-095820,3.99
231204-134508,3.98
231204-222604,3.99
231205-104356,3.99
231206-093358,4.01
231206-211445,4.02
231207-100827,4.02
231208-121750,4.02
231208-142503,4.04
231209-235713,4.02
231211-101050,4.03
231211-180039,4.03
231212-095934,4.02
231213-114127,4.01
231213-130948,4.01
231214-095814,3.95
231214-132915,3.94
231214-151030,3.94
231215-093703,3.93
231215-143601,3.95
231215-161547,3.96
231217-185638,3.96
231217-185904,3.96
231219-103446,3.96
231219-152942,3.95
231221-145312,3.95
231221-192002,3.94
231222-103613,3.94
231226-013808,3.93
231226-132725,3.94
231226-214238,3.92
231227-102545,3.92
231227-111009,3.93
231227-115706,3.92
231227-132740,3.91
231227-144230,3.91
231227-154149,3.9
231227-191032,3.89
231228-095751,3.9
231228-133116,3.9
231228-150749,3.91
231229-123411,3.92
231229-141101,3.92
231230-223029,3.94
231231-125844,3.94
240101-162944,3.94
240101-205139,3.94
240101-205205,3.94
240102-092637,3.93
240102-164730,3.99
240102-234747,3.99
240103-140957,3.98
240103-155822,3.99
240103-212135,3.99
240103-212201,3.99
240104-100234,3.97
240104-120433,3.97
240104-133756,3.98
240104-153336,3.97
240104-163255,3.97
240105-090755,3.98
240105-093027,3.98
240105-112046,3.99
240105-223921,3.98
240108-105649,3.98
240108-131142,3.97
240108-135922,3.97
240108-151407,3.96
240109-093816,3.96
240109-114750,3.97
240109-133824,3.97
240109-143113,3.97
240110-112607,3.97
240110-142407,3.97
240110-162518,3.96
240110-214124,3.96
240110-222904,3.95
240111-090105,3.96
240111-105310,3.96
240111-124620,3.96
240112-110759,3.97
240112-183801,3.98
240113-171330,3.98
240113-204631,3.98
240114-184953,3.98
240115-141908,3.99
240116-132116,4.03
240116-233121,4.03
240117-092701,4.05
240117-133900,4.04
240118-095707,4.04
240118-150151,4.06
240118-150215,4.06
240118-223259,4.03
240119-160810,4.01
240122-121037,4.0
240122-122108,4.0
240123-092543,4.01
240124-114324,4.02
240124-173907,4.02
240125-000704,4.02
240125-125633,4.02
240126-133927,4.02
240128-214600,4.03
240129-120057,4.04
240130-130145,4.02
240130-203622,4.01
240131-121701,4.0
240201-131252,4.01
240202-144959,4.0
240203-171916,4.0
240204-165609,4.0
240205-123819,4.03
240205-230912,4.04
240206-142022,4.05
240206-211102,4.04
240207-113613,4.04
240207-190147,4.03
240208-120609,4.04
240213-005723,4.0
240213-005752,4.0
240213-005756,4.0
240213-005803,4.0
240213-005913,4.0
240213-005934,4.0
240213-005937,4.0
240213-011251,4.0
240213-011614,4.0
240213-091448,4.01
240213-092624,4.01
240213-094717,4.01
240213-101609,4.01
240213-151353,4.04
240213-151424,4.04
240213-151431,4.04
240213-190217,4.05
240213-220806,4.05
240213-231751,4.05
240214-081548,4.05
240214-092928,4.06
240214-101746,4.06
240214-103423,4.06
240214-115929,4.06
240214-134654,4.05
240214-150020,4.05
240214-150141,4.05
240214-161255,4.05
240214-162947,4.06
240214-165157,4.06
240214-165514,4.06
240214-165521,4.06
240214-171926,4.05
240214-181226,4.05
240214-213814,4.05
240214-232314,4.05
240214-235009,4.05
240214-235113,4.05
240215-125810,4.05
240215-130715,4.05
240215-133450,4.05
240215-133553,4.05
240215-133604,4.05
240215-141415,4.04
240215-205147,4.03
240215-214029,4.03
240216-092735,4.03
240216-110040,4.03
240216-120735,4.03
240216-154859,4.04
240216-195433,4.02
240216-212828,4.03
240217-110956,4.03
240217-172815,4.03
240217-195836,4.03
240218-073853,4.03
240218-104153,4.03
240218-180258,4.02
240218-181532,4.02
240218-210719,4.02
240219-104837,4.02
240219-175011,4.02
240219-221258,4.01
240219-230320,4.01
240220-161022,3.99
240220-181728,3.99
240220-193439,3.99
240220-193645,3.99
240221-000748,3.99
240221-021705,4.01
240221-112451,4.0
240221-113007,4.0
240221-174032,4.0
240221-220118,3.99
240221-222157,3.99
240221-232450,3.99
240222-103944,3.97
240222-203802,3.99
240222-230459,4.0
240222-230733,4.0
240222-231103,4.0
240222-231411,4.0
240222-231849,4.0
240222-232325,4.0
240222-232603,4.0
240223-010221,3.99
240223-013329,3.98
240223-114844,4.0
240223-125049,3.99
240223-132446,3.99
240223-154129,3.99
240223-222854,3.98
240223-235851,3.98
240224-094952,3.98
240224-204051,3.98
240225-000703,3.98
240225-183542,3.98
240225-212316,3.98
240226-000741,3.99
240226-110139,3.98
240226-110241,3.98
240226-135847,3.97
240226-213121,3.97
240226-231845,3.97
240226-232306,3.97
240226-232442,3.97
240227-000250,3.97
240227-102329,3.97
240227-130146,3.97
240227-133705,3.97
240227-154508,3.98
240227-171229,3.98
240227-195820,3.97
240227-200829,3.97
240227-221855,3.97
240227-224015,3.97
240227-233254,3.97
240227-234510,3.97
240228-094306,3.99
240228-212732,3.99
240229-115450,3.98
240229-131305,3.98
240229-142006,3.99
240229-143900,3.99
240229-173742,3.99
240229-215146,4.0
240301-120304,3.99
240301-124957,3.99
240301-133847,3.99
240301-143611,3.99
240301-144834,3.99
240301-165310,3.98
240301-231240,3.98
240301-233444,3.98
240302-112345,3.98
240302-184526,3.98
240302-203513,3.98
240302-234803,3.98
240303-112547,3.98
240303-193821,3.98
240304-101536,3.98
240304-143317,3.98
240304-210234,3.98
240304-212802,3.98
240305-105933,3.98
240305-135141,3.99
240306-103705,3.97
240306-104743,3.97
240306-110206,3.96
240306-122911,3.96
240306-162100,3.95
240306-181221,3.94
240306-190023,3.94
240306-225446,3.95
240307-121459,3.96
240307-181003,3.93
240308-001007,3.93
240308-134027,3.94
240308-160345,3.91
240308-170014,3.92
240308-184433,3.93
240309-004436,3.92
240309-005428,3.92
240309-110705,3.93
240309-114319,3.93
240309-130155,3.93
240309-161015,3.93
240309-234541,3.93
240309-235031,3.93
240310-120345,3.93
240310-131609,3.93
240310-131620,3.93
240310-131639,3.93
240310-132705,3.93
240310-132817,3.93
240310-135349,3.93
240310-140952,3.93
240310-143137,3.93
240310-143952,3.93
240310-152413,3.93
240310-152617,3.93
240310-154359,3.93
240310-154838,3.93
240310-155618,3.93
240310-160857,3.93
240310-161525,3.93
240310-161848,3.93
240310-170127,3.93
240310-172429,3.93
240310-175143,3.93
240310-214758,3.93
240310-233750,3.93
240310-233802,3.93
240311-120801,3.92
240311-135851,3.91
240311-145913,3.91
240311-151325,3.91
240311-214105,3.92
240312-115724,3.92
240312-131544,3.92
240312-132732,3.92
240312-151219,3.93
240312-182538,3.93
240312-222407,3.93
240313-125444,3.92
240313-162001,3.92
240313-172011,3.91
240313-201536,3.91
240314-021540,3.92
240314-134806,3.92
240314-143917,3.93
240314-153946,3.92
240314-190134,3.94
240314-221741,3.94
240315-124908,3.92
240315-143954,3.95
240315-182055,3.95
240315-182819,3.95
240315-202051,3.94
240319-091153,3.98
240319-104058,3.98
240319-125320,3.99
240319-135118,3.98
240319-222248,3.97
240320-013203,3.98
240320-121954,3.99
240320-122557,3.99
240320-150607,3.97
240320-182035,3.98
240320-222746,3.95
240321-121340,3.99
240321-140219,3.94
240321-154213,3.95
240321-172823,3.96
240322-091510,3.98
240328-104142,4.0
240328-134638,4.0
240328-160558,3.99
240328-160729,3.99
240328-160850,3.99
240328-195124,3.98
240328-195306,3.98
240329-074623,3.99
240329-075329,3.99
240329-203007,3.98
240330-125943,3.99
240401-140950,3.98
240401-141527,3.98
240401-141635,3.98
240401-142203,3.98
240401-142449,3.98
240401-191016,4.0
240402-112432,4.0
240402-132422,4.0
240402-132651,4.0
240402-133849,4.0
240402-150227,4.0
240402-160754,3.99
240402-220758,3.98
240403-144423,3.98
240403-160936,3.98
240403-170449,3.98
240403-171657,3.98
240403-182013,3.97
240403-212018,3.96
240404-130625,3.95
240404-203452,3.95
240404-231309,3.96
240405-111825,3.96
240409-114453,3.92
240409-131457,3.91
240409-205457,3.93
240409-220410,3.93
240410-001057,3.93
240410-104457,3.93
240410-104618,3.93
240410-120325,3.92
240410-132532,3.92
240410-143901,3.92
240410-151009,3.95
240410-151112,3.95
240410-171633,3.92
240410-175412,3.97
240410-214156,3.93
240410-222302,3.93
240411-090403,3.97
240412-093348,3.99
240412-125948,4.0
240412-144349,4.0
240412-212550,4.03
240412-214453,4.03
240412-221433,4.03
240413-111718,4.03
240413-161552,4.03
240414-094549,4.03
240414-120330,4.03
240414-194908,4.03
240414-203927,4.03
240414-213318,4.03
240415-085107,4.01
240415-085923,4.01
240415-145926,4.03
240415-175620,4.04
240415-175923,4.04
240415-180220,4.04
240415-180605,4.04
240415-213934,4.05
240416-090029,4.07
240416-100008,4.07
240416-135836,4.08
240416-142529,4.08
240416-202533,4.07
240417-090844,4.1
240417-134218,4.08
240417-225757,4.06
240418-092021,4.05
240418-092255,4.05
240418-152258,4.06
240418-204844,4.06
240418-224021,4.07
240418-231031,4.07
240419-092119,4.07
240419-110322,4.08
240419-150119,4.05
240419-164219,4.06
240420-111356,4.04
240420-171401,4.04
240420-231400,4.04
240421-051400,4.04
240421-111400,4.04
240421-171400,4.04
240421-231400,4.04
240422-093054,4.05
240422-153058,4.04
240422-171721,4.06
240422-171952,4.06
240423-093200,4.06
240423-100327,4.05
240423-103321,4.05
240423-104308,4.05
240423-123816,4.06
240423-184015,4.03
240423-205134,4.03
240424-092905,4.03
240424-152909,4.05
240424-212909,4.05
240425-093044,4.03
240425-130020,4.02
240425-201210,4.03
240426-003334,4.02
240426-080828,4.02
240426-085902,4.02
240426-145905,4.03
240426-205905,4.04
240427-025905,4.03
240427-085905,4.04
240428-235445,4.04
240429-000015,4.04
240429-000812,4.04
240429-001051,4.04
240429-090013,4.03
240429-092438,4.03
240429-142505,4.03
240429-202508,4.02
240430-093040,4.03
240430-120719,4.03
240430-180722,4.05
240430-191233,4.05
240504-213625,4.02
240505-165745,4.02
240506-082959,4.02
240506-143002,4.01
240506-222457,4.02
240507-091801,4.01
240507-151805,4.0
240507-211805,4.0
240508-085625,4.01
240508-093013,4.01
240508-153016,4.02
240508-181651,4.0
240509-001654,4.0
240509-080924,4.0
240509-090056,4.01
240509-090748,4.01
240509-133733,4.0
240509-201033,4.01
240509-204134,4.01
240509-214109,3.97
240510-034115,3.97
240510-094115,3.97
240510-154115,3.98
240510-214115,3.99
240511-034115,3.98
240511-094115,4.0
240511-142625,3.99
240511-224508,3.99
240512-121051,4.0
240512-121522,4.0
240512-212239,3.99
240512-220511,3.99
240513-105948,3.99
240513-110335,3.99
240513-170346,3.97
240513-221354,3.97
240514-095101,3.97
240514-155104,3.95
240514-215104,3.94
240515-035104,3.96
240515-095104,3.94
240515-110225,3.94
240515-170228,3.94
240516-002634,3.92
240516-062638,3.91
240516-122638,3.92
240516-165629,3.92
240516-225633,3.92
240517-090736,3.93
240517-150740,3.93
240517-210740,3.92
240518-030740,3.92
240518-090740,3.92
240518-150740,3.92
240519-125944,3.94
240519-185748,3.92
240520-090436,3.92
240520-150439,3.92
240520-210439,3.92
240521-092405,3.91
240521-152410,3.92
240521-173607,3.92
240521-233610,3.92
240522-053610,3.92
240522-113611,3.93
240522-173610,3.93
240522-184235,3.93
240523-004238,3.94
240523-092721,3.94
240523-152724,3.93
240523-210029,3.94
240524-141355,3.93
240525-170841,3.92
240525-171520,3.92
240525-172358,3.92
240526-123851,3.94
240526-183854,3.92
240527-003854,3.92
240527-063854,3.92
240527-123854,3.92
240527-183854,3.92
240527-191731,3.92
240528-011734,3.92
240528-071734,3.91
240528-131734,3.92
240529-091947,3.92
240529-151950,3.93
240529-202407,3.95
240529-231433,3.96
240530-051437,3.92
240530-111437,3.97
240530-171437,3.96
240530-231437,3.94
240531-091706,3.95
240531-151709,3.92
240601-122406,3.94
240601-182409,3.94
240602-002409,3.94
240602-010508,3.94
240602-131421,3.94
240603-091853,3.95
240603-093328,3.95
240603-153331,3.95
240603-224617,3.92
240604-044631,3.92
240604-104631,3.94
240604-164631,3.96
240604-224631,3.96
240605-092834,3.96
240605-111142,3.96
240606-153956,3.95
240606-155921,3.94
240606-162802,3.94
240606-185630,3.93
240606-201120,3.93
240606-201123,3.93
240607-092948,3.93
240607-125855,3.94
240607-133106,3.94
240607-152952,3.97
240607-170716,3.93
240607-230719,3.94
240608-050719,3.94
240608-110719,3.99
240608-170719,3.99
240608-230719,3.99
240609-050719,3.99
240609-110719,3.99
240609-170719,3.99
240609-230719,3.99
240610-093000,4.02
240610-153005,4.02
240610-213005,4.02
240611-033005,4.02
240611-093005,4.02
240611-135742,4.04
240611-135812,4.04
240611-140157,4.04
240611-140528,4.04
240611-140612,4.04
240611-141215,4.04
240611-141239,4.04
240611-141324,4.04
240611-141428,4.04
240611-141622,4.04
240611-141721,4.04
240611-142120,4.04
240611-142408,4.05
240611-142554,4.05
240611-142630,4.05
240611-144921,4.05
240611-145030,4.05
240611-145135,4.05
240611-145155,4.05
240611-145358,4.05
240611-151919,4.05
240611-151921,4.05
240611-171924,4.05
240611-191924,4.04
240612-092717,4.04
240612-112720,4.03
240612-131558,4.03
240612-132720,4.03
240612-152720,3.99
240612-172720,3.99
240612-192720,3.99
240612-212720,4.0
240612-232720,4.01
240613-012720,4.0
240613-032720,4.01
240613-052720,4.01
240613-072720,4.01
240613-092720,4.01
240613-112720,4.01
240613-132720,4.02
240613-152720,4.02
240613-172720,4.04
240613-192720,4.05
240613-212720,4.04
240613-232720,4.05
240614-092930,4.05
240614-112024,4.06
240614-132028,4.08
240614-152028,4.09
240614-172028,4.09
240614-192028,4.09
240614-212028,4.09
240614-232028,4.09
240615-012028,4.09
240615-032028,4.09
240615-052028,4.09
240615-072028,4.09
240615-092028,4.09
240615-112028,4.09
240615-132028,4.08
240615-180237,4.09
240615-193139,4.09
240615-213142,4.09
240617-092528,4.09
240617-105358,4.08
240617-105419,4.08
240617-105428,4.08
240617-105440,4.08
240617-112532,4.07
240617-132532,4.07
240617-152532,4.07
240617-172532,4.06
240617-192532,4.06
240617-212532,4.05
240617-232532,4.05
240618-012532,4.05
240618-032532,4.05
240618-052532,4.05
240618-072532,4.05
240618-092532,4.04
240618-112532,4.06
240618-120028,4.06
240618-132532,4.06
240618-152532,4.04
240618-172532,4.04
240618-192532,4.04
240618-212532,4.05
240618-232532,4.04
240619-121428,4.04
240619-141433,4.03
240619-161433,4.03
240619-181433,4.03
240619-215203,4.02
240619-235206,4.03
240620-015206,4.03
240620-035206,4.03
240620-055206,4.03
240620-075206,4.02
240620-095206,4.02
240620-115206,4.03
240620-135206,4.02
240620-155206,4.04
240620-200102,4.04
240624-104930,4.05
240624-122230,4.03
240624-135628,4.01
240624-152036,4.0
240624-153405,4.0
240624-163621,4.01
240624-173408,4.0
240624-211134,4.01
240624-220723,4.01
240624-223234,4.01
240624-233957,4.0
240625-105556,4.0
240625-125559,4.01
240625-143028,4.01
240625-163032,4.02
240625-220603,4.0
240626-000606,4.01
240626-101355,4.03
240626-111355,4.03
240626-131359,4.03
240626-151359,4.04
240626-171359,4.03
240626-195422,4.03
240626-215426,4.04
240626-235426,4.04
240627-001659,4.04
240627-004916,4.04
240627-102751,4.03
240627-122755,4.03
240627-124340,4.04
240627-144344,4.04
240627-164344,4.04
240627-184344,4.03
240627-220230,4.03
240628-000234,4.03
240628-103336,4.04
240628-123340,4.02
240628-143340,4.03
240628-163340,4.03
240628-172947,4.02
240628-192950,4.02
240628-210651,4.02
240629-234953,4.02
240630-014956,4.02
240630-112633,4.03
240630-123432,4.03
240630-143435,4.03
240630-144758,4.03
240630-164800,4.02
240630-184800,4.03
240630-204800,4.03
240630-224800,4.02
240701-101948,4.0
240701-110715,4.0
240701-112149,4.0
240701-113022,4.0
240701-114051,4.0
240701-114832,4.0
240701-115001,4.0
240701-115227,4.0
240701-135230,3.99
240701-155230,4.0
240701-175230,4.02
240701-195230,3.99
240701-215230,3.99
240701-235230,4.02
240702-015230,4.02
240702-035230,4.0
240702-055230,4.02
240702-075230,4.02
240702-095230,4.04
240702-115230,4.04
240702-135230,4.0
240702-155230,4.02
240702-175230,4.02
240702-195230,4.02
240702-215230,4.01
240702-235230,4.01
240703-015230,4.01
240703-035230,4.04
240703-055230,4.01
240703-075230,4.0
240703-095230,4.0
240703-115230,4.0
240703-135230,3.99
240703-155230,4.01
240703-175230,3.98
240703-195230,4.0
240703-215230,4.0
240703-235230,3.99
240704-015230,3.99
240704-035230,4.0
240704-055230,3.99
240704-075230,3.99
240704-095230,3.99
240704-115230,3.98
240704-135230,3.98
240704-155230,3.97
240704-175230,3.96
240704-195231,3.96
240704-215230,3.96
240705-104149,3.96
240705-113913,3.96
240705-121010,3.96
240705-124153,3.96
240705-144153,3.95
240705-164153,3.95
240705-184153,3.96
240705-204153,3.96
240705-224153,3.95
240706-004153,3.95
240706-024153,3.95
240706-044153,3.95
240706-064153,3.95
240706-084153,3.95
240706-104153,3.95
240706-124153,3.96
240706-144153,3.95
240706-164153,3.95
240706-184153,3.95
240706-235211,3.95
240707-015215,3.95
240707-121005,3.95
240707-122923,3.95
240707-142926,3.95
240707-143627,3.95
240707-163630,3.95
240707-183630,3.95
240707-203630,3.95
240707-223631,3.95
240708-100448,3.95
240708-100504,3.95
240708-105328,3.95
240708-125724,3.95
240708-125728,3.95
240708-141519,3.95
240708-152220,3.93
240708-152300,3.93
240708-162517,3.93
240708-164308,3.95
240708-173157,3.94
240708-193200,3.94
240708-225724,3.94
240709-101037,3.94
240709-112705,3.94
240709-120931,3.94
240709-132654,3.93
240709-152658,3.94
240709-165347,3.94
240709-223544,3.93
240710-003547,3.94
240710-103726,3.93
240710-122759,3.93
240710-142803,3.93
240710-181242,3.94
240710-191628,3.94
240710-211632,3.93
240710-213723,3.93
240710-233727,3.94
240711-004103,3.93
240711-131058,3.92
240711-151104,3.9
240711-171104,3.92
240711-185027,3.92
240711-185213,3.92
240711-185743,3.92
240727-235648,3.94
240728-121536,3.94
240728-202003,3.94
240728-210603,3.94
240728-230920,3.94
240729-091627,3.94
240729-123416,3.95
240729-123535,3.95
240729-143537,3.97
240729-165943,3.97
240729-185946,3.97
240729-201617,3.97
240729-204445,3.97
240729-224448,3.96
240730-095845,3.96
240730-101005,3.96
240730-103653,3.96
240730-123139,3.95
240730-135240,3.95
240730-155243,3.96
240730-171311,3.96
240730-225953,3.97
240731-091305,3.96
240731-100412,3.96
240731-101921,3.96
240731-121924,3.97
240731-141924,3.96
240731-161924,3.96
240731-181924,3.96
240801-104317,3.96
240801-124320,3.98
240801-144320,3.98
240801-164320,3.98
240801-184320,3.98
240806-092051,3.94
240806-112055,3.94
240806-140511,3.96
240806-160517,3.95
240806-180517,3.94
240806-195546,3.94
240806-215549,3.94
240806-235549,3.94
240807-103839,3.95
240807-123842,3.96
240807-143842,3.95
240807-163842,3.95
240807-220719,3.96
240808-000722,3.96
240808-020722,3.95
240808-040722,3.96
240808-060722,3.96
240808-080722,3.96
240808-100722,3.96
240808-120722,3.96
240808-140722,3.96
240808-160722,3.97
240808-180722,3.96
240808-200722,3.95
240808-220722,3.96
240809-000722,3.96
240809-020722,3.96
240809-040722,3.95
240809-060722,3.96
240809-080722,3.95
240809-100722,3.96
240809-120722,3.96
240809-140722,3.96
240809-160722,3.96
240809-180722,3.95
240809-200722,3.96
240809-220722,3.96
240810-000722,3.96
240810-105354,3.96
240810-125357,3.96
240810-145357,3.96
240810-195932,3.96
240811-001456,3.94
240811-021500,3.94
240811-121944,3.94
240812-083256,3.96
240812-095737,3.95
240812-100024,3.95
240812-101538,3.95
240812-121541,3.94
240812-133828,3.94
240812-221423,3.94
240813-001423,3.94
240813-102920,3.94
240813-122922,3.92
240813-142923,3.92
240813-165115,3.92
240813-233531,3.9
240814-092107,3.89
240814-112110,3.89
240814-132110,3.89
240814-152111,3.9
240814-220231,3.89
240815-095820,3.9
240815-122324,3.88
240815-135639,3.89
240815-140015,3.89
240815-140214,3.89
240815-151218,3.91
240815-155938,3.9
240815-175941,3.9
240815-182201,3.9
240815-182645,3.9
240815-203050,3.9
240815-223053,3.91
240816-003054,3.9
240816-101628,3.91
240816-123936,3.89
240816-143938,3.89
240816-163938,3.88
240816-183939,3.88
240817-130232,3.89
240817-141439,3.89
240817-233044,3.87
240818-013048,3.87
240818-113947,3.87
240818-210049,3.87
240818-230051,3.87
240819-095106,3.86
240819-095422,3.86
240819-113221,3.87
240819-133224,3.87
240819-153224,3.87
240819-155447,3.87
240819-214639,3.85
240819-234643,3.85
240820-101005,3.85
240820-105022,3.85
240820-125025,3.85
240820-150144,3.85
240820-211112,3.85
240820-231117,3.84
240821-092257,3.85
240821-100016,3.85
240821-115701,3.86
240821-135704,3.86
240821-155705,3.85
240821-175705,3.85
240821-195705,3.86
240821-215705,3.83
240822-111019,3.85
240822-120643,3.85
240822-140647,3.84
240822-150639,3.85
240822-170644,3.85
240822-194122,3.85
240822-214125,3.86
240822-234126,3.85
240823-100749,3.85
240823-115329,3.85
240823-124850,3.84
240823-125010,3.84
240823-145013,3.85
240823-165339,3.85
240823-185343,3.82
240825-225044,3.81
240826-005047,3.82
240826-095520,3.83
240826-115942,3.83
240826-123508,3.83
240826-143511,3.83
240826-151210,3.84
240826-171213,3.84
240826-191213,3.83
240826-211213,3.83
240826-231213,3.84
240827-122132,3.83
240827-150125,3.84
240827-171852,3.83
240827-191855,3.84
240827-210953,3.84
240828-114248,3.85
240828-135158,3.86
240828-162415,3.87
240828-172136,3.86
240828-172252,3.86
240828-173210,3.86
240828-174713,3.86
240828-194715,3.86
240828-213625,3.86
240828-233627,3.86
240829-114010,3.87
240829-125336,3.87
240829-145340,3.87
240829-162959,3.87
240829-183003,3.87
240829-210809,3.86
240829-230813,3.87
240830-120639,3.86
240830-144149,3.86
240830-164152,3.86
240830-230413,3.87
240831-010417,3.87
240831-114253,3.88
240831-131044,3.86
240901-115355,3.88
240901-115405,3.88
240901-120946,3.88
240901-190740,3.88
240901-191246,3.88
240901-191307,3.88
240901-211309,3.88
240901-214607,3.86
240901-214746,3.86
240901-215004,3.86
240901-215013,3.86
240901-234748,3.88
240902-004718,3.88
240902-095931,3.88
240902-111058,3.88
240902-120738,3.87
240902-150624,3.86
240902-170002,3.86
240902-202225,3.86
240902-222228,3.85
240902-232349,3.86
240903-012353,3.86
240903-081914,3.86
240903-085427,3.86
240903-104458,3.87
240903-104815,3.87
240903-124817,3.87
240903-144817,3.88
240903-164817,3.88
240903-184817,3.87
240903-205955,3.88
240903-225958,3.88
240904-084442,3.87
240904-104444,3.86
240904-124444,3.87
240904-133235,3.87
240904-153238,3.87
240904-165002,3.87
240904-184955,3.86
240904-185004,3.86
240904-212813,3.86
240904-232815,3.86
240905-015440,3.86
240905-015519,3.86
240905-093657,3.86
240905-093745,3.86
240905-105319,3.86
240905-124855,3.87
240905-133213,3.87
240905-134729,3.85
240905-141823,3.84
240905-161826,3.85
240905-182728,3.86
240905-210447,3.86
240905-230450,3.85
240906-100457,3.85
240906-102236,3.85
240906-122255,3.85
240906-142255,3.85
240906-162255,3.86
240906-210515,3.87
240906-230518,3.86
240907-102805,3.86
240907-232011,3.86
240908-132305,3.85
240908-133323,3.85
240908-153326,3.86
240908-173326,3.86
240908-194230,3.86
240908-214234,3.86
240908-234234,3.86
240909-084456,3.87
240909-090544,3.87
240909-091154,3.87
240909-111158,3.87
240909-132556,3.88
240909-152601,3.87
240909-153815,3.87
240909-173820,3.87
240909-193820,3.87
240910-092113,3.87
240910-112116,3.87
240910-132116,3.88
240910-152116,3.88
240910-172116,3.88
240910-183339,3.89
240910-184925,3.89
240910-192352,3.88
240910-212355,3.88
240910-232355,3.88
240911-093629,3.87
240911-103459,3.88
240911-121547,3.89
240911-141551,3.88
240911-164200,3.88
240911-184204,3.9
240911-202145,3.88
240911-205252,3.88
240911-212737,3.89
240911-223844,3.89
240911-225442,3.89
240911-230141,3.89
240911-233005,3.89
240912-095705,3.9
240912-115708,3.9
240912-135708,3.9
240912-142828,3.9
240912-143251,3.9
240912-161927,3.88
240912-181454,3.88
240912-215314,3.87
240912-235317,3.87
240913-104541,3.86
240913-124213,3.87
240913-131021,3.87
240913-145913,3.87
240913-165916,3.87
240913-185916,3.86
240913-205916,3.86
240913-225916,3.86
240914-005916,3.87
240914-025916,3.86
240914-113003,3.87
240914-190604,3.86
240914-210607,3.86
240914-230607,3.86
